Name,Link,Stats,Rarity Level,Rarity Name,Element,Work Suitability
Anubis,https://palworld.gg/pal/anubis,"{'HP': '120', 'Defense': '100', 'Crafting Speed': '100', 'Melee Attack': '130', 'Shot Attack': '130', 'Price': '4960', 'Stamina': '100', 'Support': '100', 'Running Speed': '800', 'Sprinting Speed': '1000', 'Slow Walk Speed': '80'}",10,Epic,['Earth'],"{'Handiwork': 4, 'Mining': 3, 'Transporting': 2}"
Arsox,https://palworld.gg/pal/arsox,"{'HP': '85', 'Defense': '95', 'Crafting Speed': '100', 'Melee Attack': '100', 'Shot Attack': '95', 'Price': '3520', 'Stamina': '120', 'Support': '100', 'Running Speed': '700', 'Sprinting Speed': '1050', 'Slow Walk Speed': '87'}",4,Common,['Fire'],"{'Deforesting': 1, 'Kindling': 2}"
Astegon,https://palworld.gg/pal/astegon,"{'HP': '100', 'Defense': '125', 'Crafting Speed': '100', 'Melee Attack': '100', 'Shot Attack': '125', 'Price': '8200', 'Stamina': '300', 'Support': '100', 'Running Speed': '700', 'Sprinting Speed': '1100', 'Slow Walk Speed': '100'}",9,Epic,"['Dragon', 'Dark']","{'Handiwork': 1, 'Mining': 4}"
Azurmane,https://palworld.gg/pal/azurmane,"{'HP': '130', 'Defense': '110', 'Crafting Speed': '100', 'Melee Attack': '100', 'Shot Attack': '120', 'Price': '6680', 'Stamina': '220', 'Support': '100', 'Running Speed': '900', 'Sprinting Speed': '1260', 'Slow Walk Speed': '90'}",7,Rare,['Electricity'],"{'Gathering': 1, 'Generating Electricity': 4}"
Azurobe,https://palworld.gg/pal/azurobe,"{'HP': '110', 'Defense': '100', 'Crafting Speed': '100', 'Melee Attack': '70', 'Shot Attack': '100', 'Price': '5600', 'Stamina': '160', 'Support': '100', 'Running Speed': '600', 'Sprinting Speed': '900', 'Slow Walk Speed': '75'}",7,Rare,"['Water', 'Dragon']",{'Watering': 3}
Azurobe Cryst,https://palworld.gg/pal/azurobe-cryst,"{'HP': '115', 'Defense': '105', 'Crafting Speed': '100', 'Melee Attack': '100', 'Shot Attack': '105', 'Price': '6720', 'Stamina': '160', 'Support': '100', 'Running Speed': '600', 'Sprinting Speed': '900', 'Slow Walk Speed': '75'}",8,Epic,"['Ice', 'Dragon']",{'Cooling': 3}
Bastigor,https://palworld.gg/pal/bastigor,"{'HP': '140', 'Defense': '120', 'Crafting Speed': '100', 'Melee Attack': '100', 'Shot Attack': '130', 'Price': '9020', 'Stamina': '270', 'Support': '100', 'Running Speed': '750', 'Sprinting Speed': '1100', 'Slow Walk Speed': '120'}",8,Epic,['Ice'],"{'Cooling': 4, 'Deforesting': 3, 'Mining': 3}"
Beakon,https://palworld.gg/pal/beakon,"{'HP': '105', 'Defense': '80', 'Crafting Speed': '100', 'Melee Attack': '100', 'Shot Attack': '115', 'Price': '7490', 'Stamina': '160', 'Support': '100', 'Running Speed': '750', 'Sprinting Speed': '1200', 'Slow Walk Speed': '100'}",6,Rare,['Electricity'],"{'Gathering': 1, 'Generating Electricity': 2, 'Transporting': 3}"
Beegarde,https://palworld.gg/pal/beegarde,"{'HP': '80', 'Defense': '90', 'Crafting Speed': '100', 'Melee Attack': '100', 'Shot Attack': '90', 'Price': '1880', 'Stamina': '100', 'Support': '100', 'Running Speed': '450', 'Sprinting Speed': '550', 'Slow Walk Speed': '125'}",4,Common,['Leaf'],"{'Gathering': 1, 'Deforesting': 1, 'Handiwork': 1, 'Farming': 1, 'Medicine Production': 1, 'Planting': 1, 'Transporting': 2}"
Bellanoir,https://palworld.gg/pal/bellanoir,"{'HP': '120', 'Defense': '100', 'Crafting Speed': '100', 'Melee Attack': '100', 'Shot Attack': '150', 'Price': '10030', 'Stamina': '100', 'Support': '100', 'Running Speed': '600', 'Sprinting Speed': '800', 'Slow Walk Speed': '100'}",20,Legendary,['Dark'],"{'Handiwork': 2, 'Medicine Production': 4, 'Transporting': 2}"
Bellanoir Libero,https://palworld.gg/pal/bellanoir-libero,"{'HP': '120', 'Defense': '100', 'Crafting Speed': '100', 'Melee Attack': '100', 'Shot Attack': '150', 'Price': '10030', 'Stamina': '100', 'Support': '100', 'Running Speed': '600', 'Sprinting Speed': '800', 'Slow Walk Speed': '100'}",20,Legendary,['Dark'],"{'Handiwork': 2, 'Medicine Production': 4, 'Transporting': 2}"
Blazamut,https://palworld.gg/pal/blazamut,"{'HP': '100', 'Defense': '120', 'Crafting Speed': '100', 'Melee Attack': '150', 'Shot Attack': '125', 'Price': '10520', 'Stamina': '190', 'Support': '50', 'Running Speed': '800', 'Sprinting Speed': '1200', 'Slow Walk Speed': '150'}",9,Epic,['Fire'],"{'Kindling': 3, 'Mining': 4}"
Blazamut Ryu,https://palworld.gg/pal/blazamut-ryu,"{'HP': '105', 'Defense': '125', 'Crafting Speed': '100', 'Melee Attack': '150', 'Shot Attack': '130', 'Price': '10520', 'Stamina': '190', 'Support': '50', 'Running Speed': '800', 'Sprinting Speed': '1200', 'Slow Walk Speed': '150'}",10,Epic,"['Dragon', 'Fire']","{'Kindling': 4, 'Mining': 4}"
Blazehowl,https://palworld.gg/pal/blazehowl,"{'HP': '105', 'Defense': '80', 'Crafting Speed': '100', 'Melee Attack': '100', 'Shot Attack': '110', 'Price': '4040', 'Stamina': '150', 'Support': '100', 'Running Speed': '800', 'Sprinting Speed': '1200', 'Slow Walk Speed': '90'}",7,Rare,['Fire'],"{'Deforesting': 2, 'Kindling': 3}"
Blazehowl Noct,https://palworld.gg/pal/blazehowl-noct,"{'HP': '105', 'Defense': '80', 'Crafting Speed': '100', 'Melee Attack': '100', 'Shot Attack': '115', 'Price': '4360', 'Stamina': '150', 'Support': '100', 'Running Speed': '800', 'Sprinting Speed': '1200', 'Slow Walk Speed': '60'}",8,Epic,"['Fire', 'Dark']","{'Deforesting': 2, 'Kindling': 3}"
Blue Slime,https://palworld.gg/pal/blue-slime,"{'HP': '70', 'Defense': '80', 'Crafting Speed': '100', 'Melee Attack': '100', 'Shot Attack': '70', 'Price': '3000', 'Stamina': '100', 'Support': '100', 'Running Speed': '300', 'Sprinting Speed': '450', 'Slow Walk Speed': '25'}",3,Common,['Water'],{'Transporting': 1}
Braloha,https://palworld.gg/pal/braloha,"{'HP': '130', 'Defense': '120', 'Crafting Speed': '100', 'Melee Attack': '100', 'Shot Attack': '95', 'Price': '6500', 'Stamina': '270', 'Support': '100', 'Running Speed': '600', 'Sprinting Speed': '1020', 'Slow Walk Speed': '70'}",6,Rare,"['Leaf', 'Earth']","{'Gathering': 4, 'Mining': 2, 'Planting': 4}"
Bristla,https://palworld.gg/pal/bristla,"{'HP': '80', 'Defense': '80', 'Crafting Speed': '100', 'Melee Attack': '80', 'Shot Attack': '80', 'Price': '1140', 'Stamina': '100', 'Support': '100', 'Running Speed': '400', 'Sprinting Speed': '550', 'Slow Walk Speed': '50'}",1,Common,['Leaf'],"{'Gathering': 1, 'Handiwork': 1, 'Medicine Production': 2, 'Planting': 1, 'Transporting': 1}"
Broncherry,https://palworld.gg/pal/broncherry,"{'HP': '120', 'Defense': '100', 'Crafting Speed': '100', 'Melee Attack': '80', 'Shot Attack': '90', 'Price': '2920', 'Stamina': '150', 'Support': '120', 'Running Speed': '550', 'Sprinting Speed': '1020', 'Slow Walk Speed': '50'}",7,Rare,['Leaf'],{'Planting': 3}
Broncherry Aqua,https://palworld.gg/pal/broncherry-aqua,"{'HP': '120', 'Defense': '100', 'Crafting Speed': '100', 'Melee Attack': '80', 'Shot Attack': '95', 'Price': '3110', 'Stamina': '150', 'Support': '120', 'Running Speed': '550', 'Sprinting Speed': '1020', 'Slow Walk Speed': '50'}",8,Epic,"['Leaf', 'Water']",{'Watering': 3}
Bushi,https://palworld.gg/pal/bushi,"{'HP': '80', 'Defense': '80', 'Crafting Speed': '100', 'Melee Attack': '100', 'Shot Attack': '125', 'Price': '4520', 'Stamina': '100', 'Support': '100', 'Running Speed': '600', 'Sprinting Speed': '900', 'Slow Walk Speed': '80'}",7,Rare,['Fire'],"{'Gathering': 1, 'Deforesting': 3, 'Kindling': 2, 'Handiwork': 1, 'Transporting': 2}"
Bushi Noct,https://palworld.gg/pal/bushi-noct,"{'HP': '80', 'Defense': '80', 'Crafting Speed': '100', 'Melee Attack': '100', 'Shot Attack': '130', 'Price': '4520', 'Stamina': '100', 'Support': '100', 'Running Speed': '600', 'Sprinting Speed': '900', 'Slow Walk Speed': '80'}",7,Rare,"['Fire', 'Dark']","{'Gathering': 1, 'Deforesting': 3, 'Kindling': 2, 'Handiwork': 1, 'Transporting': 2}"
Caprity,https://palworld.gg/pal/caprity,"{'HP': '100', 'Defense': '90', 'Crafting Speed': '100', 'Melee Attack': '70', 'Shot Attack': '70', 'Price': '2510', 'Stamina': '100', 'Support': '120', 'Running Speed': '400', 'Sprinting Speed': '550', 'Slow Walk Speed': '70'}",3,Common,['Leaf'],"{'Farming': 1, 'Planting': 2}"
Caprity Noct,https://palworld.gg/pal/caprity-noct,"{'HP': '100', 'Defense': '90', 'Crafting Speed': '100', 'Melee Attack': '70', 'Shot Attack': '75', 'Price': '3080', 'Stamina': '100', 'Support': '120', 'Running Speed': '400', 'Sprinting Speed': '550', 'Slow Walk Speed': '70'}",3,Common,['Dark'],"{'Farming': 1, 'Planting': 2}"
Cattiva,https://palworld.gg/pal/cattiva,"{'HP': '70', 'Defense': '70', 'Crafting Speed': '100', 'Melee Attack': '70', 'Shot Attack': '70', 'Price': '1000', 'Stamina': '100', 'Support': '100', 'Running Speed': '400', 'Sprinting Speed': '550', 'Slow Walk Speed': '30'}",1,Common,['Normal'],"{'Gathering': 1, 'Handiwork': 1, 'Mining': 1, 'Transporting': 1}"
Cave Bat,https://palworld.gg/pal/cave-bat,"{'HP': '65', 'Defense': '80', 'Crafting Speed': '100', 'Melee Attack': '100', 'Shot Attack': '75', 'Price': '3000', 'Stamina': '100', 'Support': '100', 'Running Speed': '300', 'Sprinting Speed': '450', 'Slow Walk Speed': '25'}",3,Common,['Normal'],{'Gathering': 1}
Cawgnito,https://palworld.gg/pal/cawgnito,"{'HP': '75', 'Defense': '80', 'Crafting Speed': '100', 'Melee Attack': '80', 'Shot Attack': '95', 'Price': '1840', 'Stamina': '100', 'Support': '100', 'Running Speed': '920', 'Sprinting Speed': '1200', 'Slow Walk Speed': '85'}",3,Common,['Dark'],{'Deforesting': 1}
Celaray,https://palworld.gg/pal/celaray,"{'HP': '80', 'Defense': '80', 'Crafting Speed': '100', 'Melee Attack': '100', 'Shot Attack': '70', 'Price': '2860', 'Stamina': '100', 'Support': '100', 'Running Speed': '550', 'Sprinting Speed': '700', 'Slow Walk Speed': '30'}",3,Common,['Water'],"{'Transporting': 1, 'Watering': 1}"
Celaray Lux,https://palworld.gg/pal/celaray-lux,"{'HP': '80', 'Defense': '80', 'Crafting Speed': '100', 'Melee Attack': '100', 'Shot Attack': '75', 'Price': '3430', 'Stamina': '100', 'Support': '100', 'Running Speed': '550', 'Sprinting Speed': '700', 'Slow Walk Speed': '30'}",4,Common,"['Water', 'Electricity']","{'Generating Electricity': 1, 'Transporting': 1, 'Watering': 1}"
Celesdir,https://palworld.gg/pal/celesdir,"{'HP': '120', 'Defense': '100', 'Crafting Speed': '100', 'Melee Attack': '100', 'Shot Attack': '110', 'Price': '3080', 'Stamina': '260', 'Support': '100', 'Running Speed': '800', 'Sprinting Speed': '1200', 'Slow Walk Speed': '70'}",6,Rare,['Normal'],"{'Gathering': 1, 'Deforesting': 4}"
Chikipi,https://palworld.gg/pal/chikipi,"{'HP': '60', 'Defense': '60', 'Crafting Speed': '100', 'Melee Attack': '70', 'Shot Attack': '60', 'Price': '1000', 'Stamina': '100', 'Support': '70', 'Running Speed': '375', 'Sprinting Speed': '550', 'Slow Walk Speed': '50'}",1,Common,['Normal'],"{'Gathering': 1, 'Farming': 1}"
Chillet,https://palworld.gg/pal/chillet,"{'HP': '90', 'Defense': '80', 'Crafting Speed': '100', 'Melee Attack': '100', 'Shot Attack': '80', 'Price': '3450', 'Stamina': '100', 'Support': '100', 'Running Speed': '750', 'Sprinting Speed': '1050', 'Slow Walk Speed': '100'}",4,Common,"['Ice', 'Dragon']","{'Gathering': 1, 'Cooling': 1}"
Chillet Ignis,https://palworld.gg/pal/chillet-ignis,"{'HP': '90', 'Defense': '80', 'Crafting Speed': '100', 'Melee Attack': '100', 'Shot Attack': '85', 'Price': '4450', 'Stamina': '100', 'Support': '100', 'Running Speed': '750', 'Sprinting Speed': '1050', 'Slow Walk Speed': '100'}",5,Rare,"['Fire', 'Dragon']","{'Gathering': 1, 'Kindling': 2}"
Cinnamoth,https://palworld.gg/pal/cinnamoth,"{'HP': '70', 'Defense': '80', 'Crafting Speed': '100', 'Melee Attack': '100', 'Shot Attack': '80', 'Price': '5700', 'Stamina': '100', 'Support': '100', 'Running Speed': '550', 'Sprinting Speed': '700', 'Slow Walk Speed': '30'}",4,Common,['Leaf'],"{'Medicine Production': 1, 'Planting': 2}"
Cremis,https://palworld.gg/pal/cremis,"{'HP': '70', 'Defense': '75', 'Crafting Speed': '100', 'Melee Attack': '100', 'Shot Attack': '70', 'Price': '1420', 'Stamina': '100', 'Support': '100', 'Running Speed': '300', 'Sprinting Speed': '450', 'Slow Walk Speed': '20'}",1,Common,['Normal'],"{'Gathering': 1, 'Farming': 1}"
Croajiro,https://palworld.gg/pal/croajiro,"{'HP': '80', 'Defense': '85', 'Crafting Speed': '100', 'Melee Attack': '100', 'Shot Attack': '100', 'Price': '2070', 'Stamina': '100', 'Support': '100', 'Running Speed': '300', 'Sprinting Speed': '450', 'Slow Walk Speed': '33'}",4,Common,['Water'],"{'Gathering': 1, 'Handiwork': 1, 'Transporting': 1, 'Watering': 1}"
Croajiro Noct,https://palworld.gg/pal/croajiro-noct,"{'HP': '85', 'Defense': '90', 'Crafting Speed': '100', 'Melee Attack': '100', 'Shot Attack': '110', 'Price': '2130', 'Stamina': '100', 'Support': '100', 'Running Speed': '300', 'Sprinting Speed': '450', 'Slow Walk Speed': '33'}",5,Rare,"['Water', 'Dark']","{'Gathering': 1, 'Handiwork': 1, 'Transporting': 1, 'Watering': 1}"
Cryolinx,https://palworld.gg/pal/cryolinx,"{'HP': '100', 'Defense': '110', 'Crafting Speed': '100', 'Melee Attack': '140', 'Shot Attack': '100', 'Price': '8440', 'Stamina': '100', 'Support': '100', 'Running Speed': '720', 'Sprinting Speed': '900', 'Slow Walk Speed': '100'}",7,Rare,['Ice'],"{'Cooling': 3, 'Deforesting': 2, 'Handiwork': 1, 'Transporting': 3}"
Cryolinx Terra,https://palworld.gg/pal/cryolinx-terra,"{'HP': '100', 'Defense': '110', 'Crafting Speed': '100', 'Melee Attack': '140', 'Shot Attack': '105', 'Price': '9160', 'Stamina': '100', 'Support': '100', 'Running Speed': '720', 'Sprinting Speed': '900', 'Slow Walk Speed': '100'}",7,Rare,['Earth'],"{'Deforesting': 2, 'Handiwork': 1, 'Mining': 3, 'Transporting': 3}"
Daedream,https://palworld.gg/pal/daedream,"{'HP': '70', 'Defense': '60', 'Crafting Speed': '100', 'Melee Attack': '100', 'Shot Attack': '75', 'Price': '1330', 'Stamina': '100', 'Support': '100', 'Running Speed': '300', 'Sprinting Speed': '550', 'Slow Walk Speed': '70'}",1,Common,['Dark'],"{'Gathering': 1, 'Handiwork': 1, 'Transporting': 1}"
Dazemu,https://palworld.gg/pal/dazemu,"{'HP': '95', 'Defense': '80', 'Crafting Speed': '100', 'Melee Attack': '100', 'Shot Attack': '90', 'Price': '2610', 'Stamina': '100', 'Support': '100', 'Running Speed': '900', 'Sprinting Speed': '1200', 'Slow Walk Speed': '80'}",5,Rare,['Earth'],{'Gathering': 2}
Dazzi,https://palworld.gg/pal/dazzi,"{'HP': '70', 'Defense': '70', 'Crafting Speed': '100', 'Melee Attack': '110', 'Shot Attack': '80', 'Price': '1390', 'Stamina': '100', 'Support': '100', 'Running Speed': '400', 'Sprinting Speed': '550', 'Slow Walk Speed': '120'}",2,Common,['Electricity'],"{'Generating Electricity': 1, 'Handiwork': 1, 'Transporting': 1}"
Dazzi Noct,https://palworld.gg/pal/dazzi-noct,"{'HP': '70', 'Defense': '75', 'Crafting Speed': '100', 'Melee Attack': '110', 'Shot Attack': '80', 'Price': '1810', 'Stamina': '100', 'Support': '100', 'Running Speed': '400', 'Sprinting Speed': '550', 'Slow Walk Speed': '120'}",2,Common,"['Dark', 'Electricity']","{'Generating Electricity': 1, 'Handiwork': 1, 'Medicine Production': 1, 'Transporting': 1}"
Demon Eye,https://palworld.gg/pal/demon-eye,"{'HP': '105', 'Defense': '95', 'Crafting Speed': '100', 'Melee Attack': '100', 'Shot Attack': '110', 'Price': '3000', 'Stamina': '100', 'Support': '100', 'Running Speed': '300', 'Sprinting Speed': '450', 'Slow Walk Speed': '25'}",3,Common,['Dark'],{'Transporting': 1}
Depresso,https://palworld.gg/pal/depresso,"{'HP': '70', 'Defense': '70', 'Crafting Speed': '100', 'Melee Attack': '70', 'Shot Attack': '70', 'Price': '1050', 'Stamina': '100', 'Support': '100', 'Running Speed': '300', 'Sprinting Speed': '400', 'Slow Walk Speed': '20'}",1,Common,['Dark'],"{'Handiwork': 1, 'Mining': 1, 'Transporting': 1}"
Digtoise,https://palworld.gg/pal/digtoise,"{'HP': '80', 'Defense': '120', 'Crafting Speed': '100', 'Melee Attack': '80', 'Shot Attack': '95', 'Price': '2980', 'Stamina': '100', 'Support': '100', 'Running Speed': '300', 'Sprinting Speed': '420', 'Slow Walk Speed': '75'}",5,Rare,['Earth'],{'Mining': 3}
Dinossom,https://palworld.gg/pal/dinossom,"{'HP': '110', 'Defense': '90', 'Crafting Speed': '100', 'Melee Attack': '90', 'Shot Attack': '85', 'Price': '3240', 'Stamina': '130', 'Support': '150', 'Running Speed': '700', 'Sprinting Speed': '1030', 'Slow Walk Speed': '70'}",6,Rare,"['Leaf', 'Dragon']","{'Deforesting': 2, 'Planting': 2}"
Dinossom Lux,https://palworld.gg/pal/dinossom-lux,"{'HP': '110', 'Defense': '90', 'Crafting Speed': '100', 'Melee Attack': '90', 'Shot Attack': '90', 'Price': '3380', 'Stamina': '130', 'Support': '150', 'Running Speed': '700', 'Sprinting Speed': '1030', 'Slow Walk Speed': '70'}",7,Rare,"['Electricity', 'Dragon']","{'Deforesting': 2, 'Generating Electricity': 2}"
Direhowl,https://palworld.gg/pal/direhowl,"{'HP': '80', 'Defense': '75', 'Crafting Speed': '100', 'Melee Attack': '110', 'Shot Attack': '90', 'Price': '1920', 'Stamina': '70', 'Support': '100', 'Running Speed': '800', 'Sprinting Speed': '1050', 'Slow Walk Speed': '90'}",2,Common,['Normal'],{'Gathering': 1}
Dogen,https://palworld.gg/pal/dogen,"{'HP': '90', 'Defense': '100', 'Crafting Speed': '100', 'Melee Attack': '100', 'Shot Attack': '100', 'Price': '4440', 'Stamina': '100', 'Support': '100', 'Running Speed': '300', 'Sprinting Speed': '550', 'Slow Walk Speed': '45'}",6,Rare,['Normal'],"{'Gathering': 2, 'Deforesting': 2, 'Handiwork': 3, 'Medicine Production': 1, 'Transporting': 2}"
Dumud,https://palworld.gg/pal/dumud,"{'HP': '100', 'Defense': '95', 'Crafting Speed': '100', 'Melee Attack': '100', 'Shot Attack': '70', 'Price': '4690', 'Stamina': '100', 'Support': '100', 'Running Speed': '450', 'Sprinting Speed': '600', 'Slow Walk Speed': '100'}",4,Common,"['Earth', 'Water']","{'Mining': 2, 'Farming': 1, 'Transporting': 1, 'Watering': 1}"
Dumud Gild,https://palworld.gg/pal/dumud-gild,"{'HP': '105', 'Defense': '100', 'Crafting Speed': '100', 'Melee Attack': '100', 'Shot Attack': '75', 'Price': '24900', 'Stamina': '100', 'Support': '100', 'Running Speed': '450', 'Sprinting Speed': '600', 'Slow Walk Speed': '100'}",5,Rare,"['Earth', 'Water']","{'Mining': 2, 'Farming': 1, 'Transporting': 1, 'Watering': 1}"
Eikthyrdeer,https://palworld.gg/pal/eikthyrdeer,"{'HP': '95', 'Defense': '80', 'Crafting Speed': '100', 'Melee Attack': '70', 'Shot Attack': '80', 'Price': '2620', 'Stamina': '100', 'Support': '100', 'Running Speed': '700', 'Sprinting Speed': '900', 'Slow Walk Speed': '80'}",4,Common,['Normal'],{'Deforesting': 2}
Eikthyrdeer Terra,https://palworld.gg/pal/eikthyrdeer-terra,"{'HP': '95', 'Defense': '80', 'Crafting Speed': '100', 'Melee Attack': '70', 'Shot Attack': '80', 'Price': '2680', 'Stamina': '100', 'Support': '100', 'Running Speed': '700', 'Sprinting Speed': '900', 'Slow Walk Speed': '80'}",6,Rare,['Earth'],{'Deforesting': 2}
Elizabee,https://palworld.gg/pal/elizabee,"{'HP': '90', 'Defense': '100', 'Crafting Speed': '100', 'Melee Attack': '100', 'Shot Attack': '105', 'Price': '6830', 'Stamina': '100', 'Support': '100', 'Running Speed': '450', 'Sprinting Speed': '550', 'Slow Walk Speed': '150'}",8,Epic,['Leaf'],"{'Gathering': 2, 'Deforesting': 1, 'Handiwork': 2, 'Medicine Production': 2, 'Planting': 2}"
Elphidran,https://palworld.gg/pal/elphidran,"{'HP': '110', 'Defense': '90', 'Crafting Speed': '100', 'Melee Attack': '80', 'Shot Attack': '80', 'Price': '5230', 'Stamina': '130', 'Support': '100', 'Running Speed': '630', 'Sprinting Speed': '800', 'Slow Walk Speed': '83'}",7,Rare,['Dragon'],{'Deforesting': 2}
Elphidran Aqua,https://palworld.gg/pal/elphidran-aqua,"{'HP': '115', 'Defense': '95', 'Crafting Speed': '100', 'Melee Attack': '80', 'Shot Attack': '80', 'Price': '5320', 'Stamina': '130', 'Support': '100', 'Running Speed': '630', 'Sprinting Speed': '800', 'Slow Walk Speed': '83'}",8,Epic,"['Dragon', 'Water']","{'Deforesting': 2, 'Watering': 3}"
Enchanted Sword,https://palworld.gg/pal/enchanted-sword,"{'HP': '95', 'Defense': '90', 'Crafting Speed': '100', 'Melee Attack': '100', 'Shot Attack': '105', 'Price': '3000', 'Stamina': '100', 'Support': '100', 'Running Speed': '600', 'Sprinting Speed': '900', 'Slow Walk Speed': '50'}",3,Common,['Normal'],{'Deforesting': 1}
Eye of Cthulhu,https://palworld.gg/pal/eye-of-cthulhu,"{'HP': '110', 'Defense': '95', 'Crafting Speed': '100', 'Melee Attack': '100', 'Shot Attack': '105', 'Price': '3000', 'Stamina': '100', 'Support': '100', 'Running Speed': '900', 'Sprinting Speed': '1200', 'Slow Walk Speed': '100'}",6,Rare,['Dark'],{'Transporting': 4}
Faleris,https://palworld.gg/pal/faleris,"{'HP': '100', 'Defense': '110', 'Crafting Speed': '100', 'Melee Attack': '100', 'Shot Attack': '105', 'Price': '6720', 'Stamina': '230', 'Support': '90', 'Running Speed': '1000', 'Sprinting Speed': '1400', 'Slow Walk Speed': '150'}",9,Epic,['Fire'],"{'Kindling': 3, 'Transporting': 3}"
Faleris Aqua,https://palworld.gg/pal/faleris-aqua,"{'HP': '100', 'Defense': '110', 'Crafting Speed': '100', 'Melee Attack': '100', 'Shot Attack': '110', 'Price': '7260', 'Stamina': '230', 'Support': '90', 'Running Speed': '1000', 'Sprinting Speed': '1400', 'Slow Walk Speed': '150'}",9,Epic,['Water'],"{'Transporting': 3, 'Watering': 4}"
Felbat,https://palworld.gg/pal/felbat,"{'HP': '100', 'Defense': '110', 'Crafting Speed': '100', 'Melee Attack': '100', 'Shot Attack': '105', 'Price': '2100', 'Stamina': '100', 'Support': '110', 'Running Speed': '550', 'Sprinting Speed': '700', 'Slow Walk Speed': '60'}",6,Rare,['Dark'],{'Medicine Production': 3}
Fenglope,https://palworld.gg/pal/fenglope,"{'HP': '110', 'Defense': '90', 'Crafting Speed': '100', 'Melee Attack': '110', 'Shot Attack': '110', 'Price': '2250', 'Stamina': '140', 'Support': '100', 'Running Speed': '750', 'Sprinting Speed': '1050', 'Slow Walk Speed': '85'}",3,Common,['Normal'],{'Deforesting': 2}
Fenglope Lux,https://palworld.gg/pal/fenglope-lux,"{'HP': '110', 'Defense': '90', 'Crafting Speed': '100', 'Melee Attack': '110', 'Shot Attack': '115', 'Price': '2720', 'Stamina': '140', 'Support': '100', 'Running Speed': '750', 'Sprinting Speed': '1050', 'Slow Walk Speed': '85'}",3,Common,['Electricity'],"{'Deforesting': 2, 'Generating Electricity': 2}"
Finsider,https://palworld.gg/pal/finsider,"{'HP': '75', 'Defense': '80', 'Crafting Speed': '100', 'Melee Attack': '100', 'Shot Attack': '85', 'Price': '1100', 'Stamina': '100', 'Support': '100', 'Running Speed': '250', 'Sprinting Speed': '400', 'Slow Walk Speed': '25'}",3,Common,['Water'],"{'Transporting': 1, 'Watering': 2}"
Finsider Ignis,https://palworld.gg/pal/finsider-ignis,"{'HP': '75', 'Defense': '80', 'Crafting Speed': '100', 'Melee Attack': '100', 'Shot Attack': '90', 'Price': '1290', 'Stamina': '100', 'Support': '100', 'Running Speed': '250', 'Sprinting Speed': '400', 'Slow Walk Speed': '25'}",4,Common,"['Water', 'Fire']","{'Kindling': 2, 'Transporting': 1, 'Watering': 2}"
Flambelle,https://palworld.gg/pal/flambelle,"{'HP': '60', 'Defense': '80', 'Crafting Speed': '100', 'Melee Attack': '100', 'Shot Attack': '70', 'Price': '2500', 'Stamina': '100', 'Support': '100', 'Running Speed': '250', 'Sprinting Speed': '375', 'Slow Walk Speed': '65'}",1,Common,['Fire'],"{'Kindling': 1, 'Handiwork': 1, 'Farming': 1, 'Transporting': 1}"
Flopie,https://palworld.gg/pal/flopie,"{'HP': '75', 'Defense': '70', 'Crafting Speed': '100', 'Melee Attack': '100', 'Shot Attack': '65', 'Price': '1220', 'Stamina': '100', 'Support': '100', 'Running Speed': '400', 'Sprinting Speed': '550', 'Slow Walk Speed': '100'}",1,Common,['Leaf'],"{'Gathering': 1, 'Handiwork': 1, 'Medicine Production': 1, 'Planting': 1, 'Transporting': 1}"
Foxcicle,https://palworld.gg/pal/foxcicle,"{'HP': '90', 'Defense': '105', 'Crafting Speed': '100', 'Melee Attack': '100', 'Shot Attack': '95', 'Price': '3730', 'Stamina': '100', 'Support': '100', 'Running Speed': '600', 'Sprinting Speed': '750', 'Slow Walk Speed': '65'}",5,Rare,['Ice'],{'Cooling': 2}
Foxparks,https://palworld.gg/pal/foxparks,"{'HP': '65', 'Defense': '70', 'Crafting Speed': '100', 'Melee Attack': '70', 'Shot Attack': '75', 'Price': '1040', 'Stamina': '100', 'Support': '100', 'Running Speed': '400', 'Sprinting Speed': '550', 'Slow Walk Speed': '40'}",1,Common,['Fire'],{'Kindling': 1}
Foxparks Cryst,https://palworld.gg/pal/foxparks-cryst,"{'HP': '65', 'Defense': '70', 'Crafting Speed': '100', 'Melee Attack': '70', 'Shot Attack': '80', 'Price': '1410', 'Stamina': '100', 'Support': '100', 'Running Speed': '400', 'Sprinting Speed': '550', 'Slow Walk Speed': '40'}",1,Common,['Ice'],{'Cooling': 1}
Frostallion,https://palworld.gg/pal/frostallion,"{'HP': '140', 'Defense': '120', 'Crafting Speed': '100', 'Melee Attack': '100', 'Shot Attack': '140', 'Price': '8440', 'Stamina': '300', 'Support': '70', 'Running Speed': '1200', 'Sprinting Speed': '1800', 'Slow Walk Speed': '120'}",20,Legendary,['Ice'],{'Cooling': 4}
Frostallion Noct,https://palworld.gg/pal/frostallion-noct,"{'HP': '140', 'Defense': '135', 'Crafting Speed': '100', 'Melee Attack': '100', 'Shot Attack': '140', 'Price': '8560', 'Stamina': '300', 'Support': '70', 'Running Speed': '1200', 'Sprinting Speed': '1800', 'Slow Walk Speed': '120'}",20,Legendary,['Dark'],{'Gathering': 4}
Frostplume,https://palworld.gg/pal/frostplume,"{'HP': '110', 'Defense': '100', 'Crafting Speed': '100', 'Melee Attack': '100', 'Shot Attack': '100', 'Price': '1460', 'Stamina': '100', 'Support': '100', 'Running Speed': '500', 'Sprinting Speed': '750', 'Slow Walk Speed': '50'}",4,Common,['Ice'],"{'Gathering': 1, 'Cooling': 2}"
Fuack,https://palworld.gg/pal/fuack,"{'HP': '60', 'Defense': '60', 'Crafting Speed': '100', 'Melee Attack': '80', 'Shot Attack': '80', 'Price': '1120', 'Stamina': '100', 'Support': '100', 'Running Speed': '300', 'Sprinting Speed': '400', 'Slow Walk Speed': '70'}",1,Common,['Water'],"{'Handiwork': 1, 'Transporting': 1, 'Watering': 1}"
Fuack Ignis,https://palworld.gg/pal/fuack-ignis,"{'HP': '60', 'Defense': '60', 'Crafting Speed': '100', 'Melee Attack': '100', 'Shot Attack': '85', 'Price': '1340', 'Stamina': '100', 'Support': '100', 'Running Speed': '300', 'Sprinting Speed': '400', 'Slow Walk Speed': '70'}",2,Common,"['Water', 'Fire']","{'Kindling': 1, 'Handiwork': 1, 'Transporting': 1, 'Watering': 1}"
Fuddler,https://palworld.gg/pal/fuddler,"{'HP': '65', 'Defense': '50', 'Crafting Speed': '100', 'Melee Attack': '100', 'Shot Attack': '80', 'Price': '1360', 'Stamina': '100', 'Support': '100', 'Running Speed': '300', 'Sprinting Speed': '550', 'Slow Walk Speed': '30'}",1,Common,['Earth'],"{'Handiwork': 1, 'Mining': 1, 'Transporting': 1}"
Galeclaw,https://palworld.gg/pal/galeclaw,"{'HP': '75', 'Defense': '60', 'Crafting Speed': '100', 'Melee Attack': '120', 'Shot Attack': '85', 'Price': '2010', 'Stamina': '100', 'Support': '100', 'Running Speed': '600', 'Sprinting Speed': '700', 'Slow Walk Speed': '100'}",2,Common,['Normal'],{'Gathering': 2}
Ghangler,https://palworld.gg/pal/ghangler,"{'HP': '90', 'Defense': '105', 'Crafting Speed': '100', 'Melee Attack': '100', 'Shot Attack': '125', 'Price': '6850', 'Stamina': '320', 'Support': '100', 'Running Speed': '400', 'Sprinting Speed': '600', 'Slow Walk Speed': '100'}",5,Rare,"['Dark', 'Water']","{'Transporting': 2, 'Watering': 4}"
Ghangler Ignis,https://palworld.gg/pal/ghangler-ignis,"{'HP': '90', 'Defense': '105', 'Crafting Speed': '100', 'Melee Attack': '100', 'Shot Attack': '130', 'Price': '7240', 'Stamina': '320', 'Support': '100', 'Running Speed': '400', 'Sprinting Speed': '600', 'Slow Walk Speed': '100'}",6,Rare,"['Fire', 'Water']","{'Kindling': 3, 'Transporting': 2, 'Watering': 4}"
Gildane,https://palworld.gg/pal/gildane,"{'HP': '120', 'Defense': '110', 'Crafting Speed': '100', 'Melee Attack': '100', 'Shot Attack': '110', 'Price': '8750', 'Stamina': '200', 'Support': '100', 'Running Speed': '840', 'Sprinting Speed': '1260', 'Slow Walk Speed': '170'}",8,Epic,['Earth'],{'Gathering': 2}
Gloopie,https://palworld.gg/pal/gloopie,"{'HP': '70', 'Defense': '70', 'Crafting Speed': '100', 'Melee Attack': '100', 'Shot Attack': '85', 'Price': '1930', 'Stamina': '100', 'Support': '100', 'Running Speed': '300', 'Sprinting Speed': '500', 'Slow Walk Speed': '50'}",5,Rare,"['Water', 'Dark']","{'Handiwork': 2, 'Transporting': 2, 'Watering': 2}"
Gobfin,https://palworld.gg/pal/gobfin,"{'HP': '90', 'Defense': '75', 'Crafting Speed': '100', 'Melee Attack': '90', 'Shot Attack': '90', 'Price': '1840', 'Stamina': '100', 'Support': '100', 'Running Speed': '400', 'Sprinting Speed': '500', 'Slow Walk Speed': '50'}",2,Common,['Water'],"{'Handiwork': 1, 'Transporting': 1, 'Watering': 2}"
Gobfin Ignis,https://palworld.gg/pal/gobfin-ignis,"{'HP': '90', 'Defense': '75', 'Crafting Speed': '100', 'Melee Attack': '90', 'Shot Attack': '90', 'Price': '1800', 'Stamina': '100', 'Support': '100', 'Running Speed': '400', 'Sprinting Speed': '500', 'Slow Walk Speed': '50'}",3,Common,['Fire'],"{'Kindling': 2, 'Handiwork': 1, 'Transporting': 1}"
Gorirat,https://palworld.gg/pal/gorirat,"{'HP': '90', 'Defense': '90', 'Crafting Speed': '100', 'Melee Attack': '110', 'Shot Attack': '95', 'Price': '2010', 'Stamina': '100', 'Support': '100', 'Running Speed': '550', 'Sprinting Speed': '720', 'Slow Walk Speed': '66'}",5,Rare,['Normal'],"{'Deforesting': 2, 'Handiwork': 1, 'Transporting': 3}"
Gorirat Terra,https://palworld.gg/pal/gorirat-terra,"{'HP': '90', 'Defense': '90', 'Crafting Speed': '100', 'Melee Attack': '110', 'Shot Attack': '100', 'Price': '4020', 'Stamina': '100', 'Support': '100', 'Running Speed': '550', 'Sprinting Speed': '720', 'Slow Walk Speed': '66'}",5,Rare,['Earth'],"{'Handiwork': 1, 'Mining': 2, 'Transporting': 3}"
Green Slime,https://palworld.gg/pal/green-slime,"{'HP': '65', 'Defense': '80', 'Crafting Speed': '100', 'Melee Attack': '100', 'Shot Attack': '70', 'Price': '3000', 'Stamina': '100', 'Support': '100', 'Running Speed': '300', 'Sprinting Speed': '450', 'Slow Walk Speed': '25'}",3,Common,['Leaf'],{'Transporting': 1}
Grintale,https://palworld.gg/pal/grintale,"{'HP': '110', 'Defense': '80', 'Crafting Speed': '100', 'Melee Attack': '100', 'Shot Attack': '80', 'Price': '5510', 'Stamina': '100', 'Support': '100', 'Running Speed': '650', 'Sprinting Speed': '1000', 'Slow Walk Speed': '32'}",6,Rare,['Normal'],{'Gathering': 2}
Grizzbolt,https://palworld.gg/pal/grizzbolt,"{'HP': '105', 'Defense': '100', 'Crafting Speed': '100', 'Melee Attack': '120', 'Shot Attack': '100', 'Price': '7720', 'Stamina': '180', 'Support': '100', 'Running Speed': '600', 'Sprinting Speed': '1000', 'Slow Walk Speed': '80'}",8,Epic,['Electricity'],"{'Deforesting': 2, 'Generating Electricity': 3, 'Handiwork': 2, 'Transporting': 3}"
Gumoss,https://palworld.gg/pal/gumoss,"{'HP': '70', 'Defense': '70', 'Crafting Speed': '100', 'Melee Attack': '100', 'Shot Attack': '70', 'Price': '1310', 'Stamina': '100', 'Support': '100', 'Running Speed': '300', 'Sprinting Speed': '400', 'Slow Walk Speed': '50'}",1,Common,"['Leaf', 'Earth']",{'Planting': 1}
Hangyu,https://palworld.gg/pal/hangyu,"{'HP': '80', 'Defense': '70', 'Crafting Speed': '100', 'Melee Attack': '70', 'Shot Attack': '70', 'Price': '1020', 'Stamina': '100', 'Support': '100', 'Running Speed': '400', 'Sprinting Speed': '550', 'Slow Walk Speed': '50'}",1,Common,['Earth'],"{'Gathering': 1, 'Handiwork': 1, 'Transporting': 2}"
Hangyu Cryst,https://palworld.gg/pal/hangyu-cryst,"{'HP': '80', 'Defense': '70', 'Crafting Speed': '100', 'Melee Attack': '70', 'Shot Attack': '80', 'Price': '1020', 'Stamina': '100', 'Support': '100', 'Running Speed': '400', 'Sprinting Speed': '550', 'Slow Walk Speed': '50'}",2,Common,['Ice'],"{'Gathering': 1, 'Cooling': 1, 'Handiwork': 1, 'Transporting': 2}"
Helzephyr,https://palworld.gg/pal/helzephyr,"{'HP': '100', 'Defense': '100', 'Crafting Speed': '100', 'Melee Attack': '100', 'Shot Attack': '125', 'Price': '7840', 'Stamina': '170', 'Support': '100', 'Running Speed': '700', 'Sprinting Speed': '1100', 'Slow Walk Speed': '100'}",7,Rare,['Dark'],{'Transporting': 3}
Helzephyr Lux,https://palworld.gg/pal/helzephyr-lux,"{'HP': '105', 'Defense': '100', 'Crafting Speed': '100', 'Melee Attack': '100', 'Shot Attack': '125', 'Price': '8840', 'Stamina': '170', 'Support': '100', 'Running Speed': '700', 'Sprinting Speed': '1100', 'Slow Walk Speed': '100'}",8,Epic,"['Dark', 'Electricity']","{'Generating Electricity': 3, 'Transporting': 3}"
Herbil,https://palworld.gg/pal/herbil,"{'HP': '80', 'Defense': '75', 'Crafting Speed': '100', 'Melee Attack': '100', 'Shot Attack': '75', 'Price': '1110', 'Stamina': '100', 'Support': '100', 'Running Speed': '350', 'Sprinting Speed': '600', 'Slow Walk Speed': '15'}",3,Common,"['Leaf', 'Normal']","{'Gathering': 1, 'Planting': 2, 'Transporting': 1}"
Hoocrates,https://palworld.gg/pal/hoocrates,"{'HP': '70', 'Defense': '80', 'Crafting Speed': '100', 'Melee Attack': '70', 'Shot Attack': '70', 'Price': '1050', 'Stamina': '100', 'Support': '100', 'Running Speed': '380', 'Sprinting Speed': '550', 'Slow Walk Speed': '26'}",1,Common,['Dark'],{'Gathering': 1}
Icelyn,https://palworld.gg/pal/icelyn,"{'HP': '95', 'Defense': '105', 'Crafting Speed': '100', 'Melee Attack': '100', 'Shot Attack': '115', 'Price': '2310', 'Stamina': '100', 'Support': '100', 'Running Speed': '400', 'Sprinting Speed': '600', 'Slow Walk Speed': '100'}",4,Common,['Ice'],"{'Cooling': 3, 'Handiwork': 2, 'Medicine Production': 2, 'Transporting': 1}"
Illuminant Bat,https://palworld.gg/pal/illuminant-bat,"{'HP': '80', 'Defense': '95', 'Crafting Speed': '100', 'Melee Attack': '100', 'Shot Attack': '80', 'Price': '3000', 'Stamina': '100', 'Support': '100', 'Running Speed': '300', 'Sprinting Speed': '450', 'Slow Walk Speed': '25'}",4,Common,['Normal'],{'Gathering': 1}
Illuminant Slime,https://palworld.gg/pal/illuminant-slime,"{'HP': '80', 'Defense': '85', 'Crafting Speed': '100', 'Melee Attack': '100', 'Shot Attack': '75', 'Price': '3000', 'Stamina': '100', 'Support': '100', 'Running Speed': '300', 'Sprinting Speed': '450', 'Slow Walk Speed': '25'}",4,Common,['Normal'],{'Transporting': 1}
Incineram,https://palworld.gg/pal/incineram,"{'HP': '95', 'Defense': '85', 'Crafting Speed': '100', 'Melee Attack': '150', 'Shot Attack': '100', 'Price': '4780', 'Stamina': '100', 'Support': '100', 'Running Speed': '700', 'Sprinting Speed': '960', 'Slow Walk Speed': '80'}",4,Common,"['Fire', 'Dark']","{'Kindling': 1, 'Handiwork': 2, 'Mining': 1, 'Transporting': 2}"
Incineram Noct,https://palworld.gg/pal/incineram-noct,"{'HP': '95', 'Defense': '85', 'Crafting Speed': '100', 'Melee Attack': '150', 'Shot Attack': '105', 'Price': '4870', 'Stamina': '100', 'Support': '100', 'Running Speed': '700', 'Sprinting Speed': '960', 'Slow Walk Speed': '80'}",5,Rare,['Dark'],"{'Handiwork': 2, 'Mining': 1, 'Transporting': 2}"
Jelliette,https://palworld.gg/pal/jelliette,"{'HP': '75', 'Defense': '70', 'Crafting Speed': '100', 'Melee Attack': '100', 'Shot Attack': '90', 'Price': '1780', 'Stamina': '100', 'Support': '100', 'Running Speed': '240', 'Sprinting Speed': '450', 'Slow Walk Speed': '40'}",3,Common,['Water'],"{'Handiwork': 1, 'Transporting': 1, 'Watering': 2}"
Jellroy,https://palworld.gg/pal/jellroy,"{'HP': '90', 'Defense': '75', 'Crafting Speed': '100', 'Melee Attack': '100', 'Shot Attack': '75', 'Price': '1630', 'Stamina': '100', 'Support': '100', 'Running Speed': '400', 'Sprinting Speed': '600', 'Slow Walk Speed': '100'}",3,Common,"['Water', 'Dark']","{'Handiwork': 1, 'Medicine Production': 1, 'Transporting': 1, 'Watering': 2}"
Jetragon,https://palworld.gg/pal/jetragon,"{'HP': '110', 'Defense': '110', 'Crafting Speed': '100', 'Melee Attack': '100', 'Shot Attack': '140', 'Price': '8680', 'Stamina': '100', 'Support': '100', 'Running Speed': '1700', 'Sprinting Speed': '3300', 'Slow Walk Speed': '200'}",20,Legendary,['Dragon'],{'Gathering': 3}
Jolthog,https://palworld.gg/pal/jolthog,"{'HP': '70', 'Defense': '70', 'Crafting Speed': '100', 'Melee Attack': '70', 'Shot Attack': '75', 'Price': '1060', 'Stamina': '100', 'Support': '100', 'Running Speed': '400', 'Sprinting Speed': '550', 'Slow Walk Speed': '30'}",1,Common,['Electricity'],{'Generating Electricity': 1}
Jolthog Cryst,https://palworld.gg/pal/jolthog-cryst,"{'HP': '70', 'Defense': '80', 'Crafting Speed': '100', 'Melee Attack': '70', 'Shot Attack': '75', 'Price': '1070', 'Stamina': '100', 'Support': '100', 'Running Speed': '400', 'Sprinting Speed': '550', 'Slow Walk Speed': '30'}",2,Common,['Ice'],{'Cooling': 1}
Jormuntide,https://palworld.gg/pal/jormuntide,"{'HP': '130', 'Defense': '100', 'Crafting Speed': '100', 'Melee Attack': '150', 'Shot Attack': '120', 'Price': '9320', 'Stamina': '150', 'Support': '100', 'Running Speed': '600', 'Sprinting Speed': '1000', 'Slow Walk Speed': '100'}",8,Epic,"['Dragon', 'Water']",{'Watering': 4}
Jormuntide Ignis,https://palworld.gg/pal/jormuntide-ignis,"{'HP': '130', 'Defense': '100', 'Crafting Speed': '100', 'Melee Attack': '150', 'Shot Attack': '130', 'Price': '9500', 'Stamina': '150', 'Support': '100', 'Running Speed': '600', 'Sprinting Speed': '1000', 'Slow Walk Speed': '100'}",9,Epic,"['Dragon', 'Fire']",{'Kindling': 4}
Katress,https://palworld.gg/pal/katress,"{'HP': '90', 'Defense': '90', 'Crafting Speed': '100', 'Melee Attack': '100', 'Shot Attack': '105', 'Price': '4120', 'Stamina': '100', 'Support': '100', 'Running Speed': '440', 'Sprinting Speed': '620', 'Slow Walk Speed': '70'}",6,Rare,['Dark'],"{'Handiwork': 2, 'Medicine Production': 2, 'Transporting': 2}"
Katress Ignis,https://palworld.gg/pal/katress-ignis,"{'HP': '95', 'Defense': '90', 'Crafting Speed': '100', 'Melee Attack': '100', 'Shot Attack': '105', 'Price': '4120', 'Stamina': '100', 'Support': '100', 'Running Speed': '440', 'Sprinting Speed': '620', 'Slow Walk Speed': '70'}",6,Rare,"['Dark', 'Fire']","{'Kindling': 2, 'Handiwork': 2, 'Medicine Production': 2, 'Transporting': 2}"
Kelpsea,https://palworld.gg/pal/kelpsea,"{'HP': '70', 'Defense': '70', 'Crafting Speed': '100', 'Melee Attack': '100', 'Shot Attack': '70', 'Price': '1260', 'Stamina': '100', 'Support': '100', 'Running Speed': '700', 'Sprinting Speed': '900', 'Slow Walk Speed': '50'}",1,Common,['Water'],"{'Farming': 1, 'Watering': 1}"
Kelpsea Ignis,https://palworld.gg/pal/kelpsea-ignis,"{'HP': '70', 'Defense': '70', 'Crafting Speed': '100', 'Melee Attack': '100', 'Shot Attack': '70', 'Price': '1240', 'Stamina': '100', 'Support': '100', 'Running Speed': '700', 'Sprinting Speed': '900', 'Slow Walk Speed': '50'}",2,Common,['Fire'],"{'Kindling': 1, 'Farming': 1}"
Kikit,https://palworld.gg/pal/kikit,"{'HP': '75', 'Defense': '90', 'Crafting Speed': '100', 'Melee Attack': '100', 'Shot Attack': '70', 'Price': '2800', 'Stamina': '100', 'Support': '100', 'Running Speed': '800', 'Sprinting Speed': '900', 'Slow Walk Speed': '50'}",4,Common,['Earth'],{'Mining': 1}
Killamari,https://palworld.gg/pal/killamari,"{'HP': '60', 'Defense': '70', 'Crafting Speed': '100', 'Melee Attack': '100', 'Shot Attack': '60', 'Price': '1200', 'Stamina': '100', 'Support': '100', 'Running Speed': '400', 'Sprinting Speed': '550', 'Slow Walk Speed': '60'}",1,Common,"['Dark', 'Water']","{'Gathering': 1, 'Transporting': 2, 'Watering': 1}"
Killamari Primo,https://palworld.gg/pal/killamari-primo,"{'HP': '70', 'Defense': '70', 'Crafting Speed': '100', 'Melee Attack': '100', 'Shot Attack': '60', 'Price': '1440', 'Stamina': '100', 'Support': '100', 'Running Speed': '400', 'Sprinting Speed': '550', 'Slow Walk Speed': '60'}",2,Common,"['Normal', 'Water']","{'Gathering': 1, 'Transporting': 2, 'Watering': 1}"
Kingpaca,https://palworld.gg/pal/kingpaca,"{'HP': '120', 'Defense': '90', 'Crafting Speed': '100', 'Melee Attack': '100', 'Shot Attack': '85', 'Price': '5800', 'Stamina': '170', 'Support': '100', 'Running Speed': '700', 'Sprinting Speed': '1040', 'Slow Walk Speed': '80'}",8,Epic,['Normal'],{'Gathering': 1}
Kingpaca Cryst,https://palworld.gg/pal/kingpaca-cryst,"{'HP': '120', 'Defense': '90', 'Crafting Speed': '100', 'Melee Attack': '100', 'Shot Attack': '85', 'Price': '6100', 'Stamina': '170', 'Support': '100', 'Running Speed': '700', 'Sprinting Speed': '1040', 'Slow Walk Speed': '80'}",9,Epic,['Ice'],"{'Gathering': 1, 'Cooling': 3}"
Kitsun,https://palworld.gg/pal/kitsun,"{'HP': '100', 'Defense': '100', 'Crafting Speed': '100', 'Melee Attack': '70', 'Shot Attack': '115', 'Price': '3170', 'Stamina': '140', 'Support': '110', 'Running Speed': '700', 'Sprinting Speed': '1100', 'Slow Walk Speed': '80'}",6,Rare,['Fire'],{'Kindling': 2}
Kitsun Noct,https://palworld.gg/pal/kitsun-noct,"{'HP': '100', 'Defense': '105', 'Crafting Speed': '100', 'Melee Attack': '70', 'Shot Attack': '115', 'Price': '3170', 'Stamina': '140', 'Support': '110', 'Running Speed': '700', 'Sprinting Speed': '1100', 'Slow Walk Speed': '80'}",6,Rare,['Dark'],{'Kindling': 2}
Knocklem,https://palworld.gg/pal/knocklem,"{'HP': '105', 'Defense': '135', 'Crafting Speed': '100', 'Melee Attack': '100', 'Shot Attack': '110', 'Price': '10380', 'Stamina': '100', 'Support': '100', 'Running Speed': '550', 'Sprinting Speed': '700', 'Slow Walk Speed': '100'}",9,Epic,['Earth'],"{'Gathering': 3, 'Mining': 4, 'Transporting': 4}"
Lamball,https://palworld.gg/pal/lamball,"{'HP': '70', 'Defense': '70', 'Crafting Speed': '100', 'Melee Attack': '70', 'Shot Attack': '70', 'Price': '1000', 'Stamina': '100', 'Support': '100', 'Running Speed': '400', 'Sprinting Speed': '550', 'Slow Walk Speed': '23'}",1,Common,['Normal'],"{'Handiwork': 1, 'Farming': 1, 'Transporting': 1}"
Leezpunk,https://palworld.gg/pal/leezpunk,"{'HP': '80', 'Defense': '50', 'Crafting Speed': '100', 'Melee Attack': '90', 'Shot Attack': '80', 'Price': '1720', 'Stamina': '100', 'Support': '100', 'Running Speed': '600', 'Sprinting Speed': '800', 'Slow Walk Speed': '100'}",2,Common,['Dark'],"{'Gathering': 1, 'Handiwork': 1, 'Transporting': 1}"
Leezpunk Ignis,https://palworld.gg/pal/leezpunk-ignis,"{'HP': '80', 'Defense': '50', 'Crafting Speed': '100', 'Melee Attack': '90', 'Shot Attack': '80', 'Price': '1640', 'Stamina': '100', 'Support': '100', 'Running Speed': '400', 'Sprinting Speed': '550', 'Slow Walk Speed': '100'}",3,Common,['Fire'],"{'Gathering': 1, 'Kindling': 1, 'Handiwork': 1, 'Transporting': 1}"
Lifmunk,https://palworld.gg/pal/lifmunk,"{'HP': '75', 'Defense': '70', 'Crafting Speed': '100', 'Melee Attack': '70', 'Shot Attack': '70', 'Price': '1010', 'Stamina': '100', 'Support': '100', 'Running Speed': '400', 'Sprinting Speed': '550', 'Slow Walk Speed': '20'}",1,Common,['Leaf'],"{'Gathering': 1, 'Deforesting': 1, 'Handiwork': 1, 'Medicine Production': 1, 'Planting': 1}"
Loupmoon,https://palworld.gg/pal/loupmoon,"{'HP': '80', 'Defense': '80', 'Crafting Speed': '100', 'Melee Attack': '130', 'Shot Attack': '100', 'Price': '2400', 'Stamina': '100', 'Support': '100', 'Running Speed': '600', 'Sprinting Speed': '800', 'Slow Walk Speed': '100'}",3,Common,['Dark'],{'Handiwork': 2}
Loupmoon Cryst,https://palworld.gg/pal/loupmoon-cryst,"{'HP': '80', 'Defense': '80', 'Crafting Speed': '100', 'Melee Attack': '130', 'Shot Attack': '105', 'Price': '2820', 'Stamina': '100', 'Support': '100', 'Running Speed': '600', 'Sprinting Speed': '800', 'Slow Walk Speed': '100'}",3,Common,['Ice'],"{'Cooling': 3, 'Handiwork': 2}"
Lovander,https://palworld.gg/pal/lovander,"{'HP': '120', 'Defense': '70', 'Crafting Speed': '100', 'Melee Attack': '70', 'Shot Attack': '70', 'Price': '2450', 'Stamina': '100', 'Support': '140', 'Running Speed': '750', 'Sprinting Speed': '850', 'Slow Walk Speed': '90'}",5,Rare,['Normal'],"{'Handiwork': 2, 'Mining': 1, 'Medicine Production': 2, 'Transporting': 2}"
Lullu,https://palworld.gg/pal/lullu,"{'HP': '90', 'Defense': '80', 'Crafting Speed': '100', 'Melee Attack': '100', 'Shot Attack': '90', 'Price': '3420', 'Stamina': '100', 'Support': '100', 'Running Speed': '400', 'Sprinting Speed': '800', 'Slow Walk Speed': '50'}",4,Common,['Leaf'],"{'Gathering': 1, 'Handiwork': 2, 'Medicine Production': 2, 'Planting': 2}"
Lunaris,https://palworld.gg/pal/lunaris,"{'HP': '90', 'Defense': '90', 'Crafting Speed': '100', 'Melee Attack': '80', 'Shot Attack': '100', 'Price': '1760', 'Stamina': '100', 'Support': '100', 'Running Speed': '500', 'Sprinting Speed': '650', 'Slow Walk Speed': '80'}",6,Rare,['Normal'],"{'Gathering': 1, 'Handiwork': 3, 'Transporting': 1}"
Lyleen,https://palworld.gg/pal/lyleen,"{'HP': '110', 'Defense': '105', 'Crafting Speed': '100', 'Melee Attack': '100', 'Shot Attack': '110', 'Price': '7160', 'Stamina': '100', 'Support': '100', 'Running Speed': '450', 'Sprinting Speed': '550', 'Slow Walk Speed': '60'}",9,Epic,['Leaf'],"{'Gathering': 2, 'Handiwork': 3, 'Medicine Production': 3, 'Planting': 4}"
Lyleen Noct,https://palworld.gg/pal/lyleen-noct,"{'HP': '110', 'Defense': '115', 'Crafting Speed': '100', 'Melee Attack': '100', 'Shot Attack': '110', 'Price': '7610', 'Stamina': '100', 'Support': '100', 'Running Speed': '450', 'Sprinting Speed': '550', 'Slow Walk Speed': '60'}",10,Epic,['Dark'],"{'Gathering': 2, 'Handiwork': 3, 'Medicine Production': 3}"
Mammorest,https://palworld.gg/pal/mammorest,"{'HP': '150', 'Defense': '90', 'Crafting Speed': '100', 'Melee Attack': '100', 'Shot Attack': '85', 'Price': '9450', 'Stamina': '180', 'Support': '30', 'Running Speed': '600', 'Sprinting Speed': '1030', 'Slow Walk Speed': '100'}",8,Epic,"['Leaf', 'Earth']","{'Deforesting': 2, 'Mining': 2, 'Planting': 2}"
Mammorest Cryst,https://palworld.gg/pal/mammorest-cryst,"{'HP': '150', 'Defense': '90', 'Crafting Speed': '100', 'Melee Attack': '100', 'Shot Attack': '85', 'Price': '9580', 'Stamina': '180', 'Support': '30', 'Running Speed': '600', 'Sprinting Speed': '1030', 'Slow Walk Speed': '100'}",9,Epic,"['Ice', 'Earth']","{'Cooling': 2, 'Deforesting': 2, 'Mining': 2}"
Maraith,https://palworld.gg/pal/maraith,"{'HP': '75', 'Defense': '80', 'Crafting Speed': '100', 'Melee Attack': '50', 'Shot Attack': '105', 'Price': '1570', 'Stamina': '130', 'Support': '100', 'Running Speed': '700', 'Sprinting Speed': '1100', 'Slow Walk Speed': '100'}",6,Rare,['Dark'],"{'Gathering': 2, 'Mining': 1}"
Mau,https://palworld.gg/pal/mau,"{'HP': '70', 'Defense': '70', 'Crafting Speed': '100', 'Melee Attack': '70', 'Shot Attack': '60', 'Price': '1000', 'Stamina': '100', 'Support': '100', 'Running Speed': '475', 'Sprinting Speed': '550', 'Slow Walk Speed': '52'}",1,Common,['Dark'],{'Farming': 1}
Mau Cryst,https://palworld.gg/pal/mau-cryst,"{'HP': '70', 'Defense': '70', 'Crafting Speed': '100', 'Melee Attack': '70', 'Shot Attack': '65', 'Price': '1010', 'Stamina': '100', 'Support': '100', 'Running Speed': '475', 'Sprinting Speed': '550', 'Slow Walk Speed': '52'}",2,Common,['Ice'],"{'Cooling': 1, 'Farming': 1}"
Melpaca,https://palworld.gg/pal/melpaca,"{'HP': '90', 'Defense': '90', 'Crafting Speed': '100', 'Melee Attack': '90', 'Shot Attack': '75', 'Price': '2740', 'Stamina': '100', 'Support': '100', 'Running Speed': '500', 'Sprinting Speed': '900', 'Slow Walk Speed': '62'}",3,Common,['Normal'],{'Farming': 1}
Menasting,https://palworld.gg/pal/menasting,"{'HP': '100', 'Defense': '130', 'Crafting Speed': '100', 'Melee Attack': '100', 'Shot Attack': '100', 'Price': '7050', 'Stamina': '100', 'Support': '100', 'Running Speed': '1000', 'Sprinting Speed': '1200', 'Slow Walk Speed': '100'}",9,Epic,"['Dark', 'Earth']","{'Deforesting': 2, 'Mining': 3}"
Menasting Terra,https://palworld.gg/pal/menasting-terra,"{'HP': '100', 'Defense': '130', 'Crafting Speed': '100', 'Melee Attack': '100', 'Shot Attack': '105', 'Price': '8050', 'Stamina': '100', 'Support': '100', 'Running Speed': '1000', 'Sprinting Speed': '1200', 'Slow Walk Speed': '100'}",10,Epic,['Earth'],"{'Deforesting': 2, 'Mining': 3}"
Mimog,https://palworld.gg/pal/mimog,"{'HP': '60', 'Defense': '130', 'Crafting Speed': '100', 'Melee Attack': '100', 'Shot Attack': '60', 'Price': '6150', 'Stamina': '100', 'Support': '100', 'Running Speed': '2000', 'Sprinting Speed': '-1', 'Slow Walk Speed': '40'}",7,Rare,['Normal'],"{'Gathering': 1, 'Transporting': 1}"
Mossanda,https://palworld.gg/pal/mossanda,"{'HP': '100', 'Defense': '90', 'Crafting Speed': '100', 'Melee Attack': '100', 'Shot Attack': '90', 'Price': '6200', 'Stamina': '130', 'Support': '100', 'Running Speed': '600', 'Sprinting Speed': '1000', 'Slow Walk Speed': '50'}",6,Rare,['Leaf'],"{'Deforesting': 2, 'Handiwork': 2, 'Planting': 2, 'Transporting': 3}"
Mossanda Lux,https://palworld.gg/pal/mossanda-lux,"{'HP': '100', 'Defense': '100', 'Crafting Speed': '100', 'Melee Attack': '100', 'Shot Attack': '100', 'Price': '6610', 'Stamina': '130', 'Support': '100', 'Running Speed': '600', 'Sprinting Speed': '1000', 'Slow Walk Speed': '50'}",7,Rare,['Electricity'],"{'Deforesting': 2, 'Generating Electricity': 2, 'Handiwork': 2, 'Transporting': 3}"
Mozzarina,https://palworld.gg/pal/mozzarina,"{'HP': '90', 'Defense': '80', 'Crafting Speed': '100', 'Melee Attack': '100', 'Shot Attack': '50', 'Price': '2620', 'Stamina': '100', 'Support': '100', 'Running Speed': '580', 'Sprinting Speed': '700', 'Slow Walk Speed': '55'}",2,Common,['Normal'],{'Farming': 1}
Munchill,https://palworld.gg/pal/munchill,"{'HP': '75', 'Defense': '85', 'Crafting Speed': '100', 'Melee Attack': '100', 'Shot Attack': '80', 'Price': '1580', 'Stamina': '100', 'Support': '100', 'Running Speed': '300', 'Sprinting Speed': '450', 'Slow Walk Speed': '20'}",3,Common,"['Ice', 'Water']","{'Cooling': 2, 'Transporting': 1, 'Watering': 1}"
Necromus,https://palworld.gg/pal/necromus,"{'HP': '130', 'Defense': '120', 'Crafting Speed': '100', 'Melee Attack': '100', 'Shot Attack': '145', 'Price': '8930', 'Stamina': '350', 'Support': '100', 'Running Speed': '1300', 'Sprinting Speed': '1900', 'Slow Walk Speed': '100'}",20,Legendary,['Dark'],"{'Deforesting': 2, 'Mining': 2}"
Neptilius,https://palworld.gg/pal/neptilius,"{'HP': '105', 'Defense': '125', 'Crafting Speed': '100', 'Melee Attack': '100', 'Shot Attack': '145', 'Price': '8690', 'Stamina': '410', 'Support': '100', 'Running Speed': '750', 'Sprinting Speed': '1120', 'Slow Walk Speed': '150'}",20,Legendary,['Water'],{'Watering': 4}
Nitemary,https://palworld.gg/pal/nitemary,"{'HP': '105', 'Defense': '105', 'Crafting Speed': '100', 'Melee Attack': '100', 'Shot Attack': '95', 'Price': '7180', 'Stamina': '100', 'Support': '100', 'Running Speed': '380', 'Sprinting Speed': '500', 'Slow Walk Speed': '70'}",6,Rare,['Dark'],"{'Handiwork': 3, 'Transporting': 2}"
Nitewing,https://palworld.gg/pal/nitewing,"{'HP': '100', 'Defense': '80', 'Crafting Speed': '100', 'Melee Attack': '100', 'Shot Attack': '95', 'Price': '6300', 'Stamina': '100', 'Support': '100', 'Running Speed': '600', 'Sprinting Speed': '750', 'Slow Walk Speed': '150'}",3,Common,['Normal'],{'Gathering': 2}
Nox,https://palworld.gg/pal/nox,"{'HP': '75', 'Defense': '70', 'Crafting Speed': '100', 'Melee Attack': '70', 'Shot Attack': '85', 'Price': '1480', 'Stamina': '100', 'Support': '140', 'Running Speed': '300', 'Sprinting Speed': '500', 'Slow Walk Speed': '30'}",6,Rare,['Dark'],{'Gathering': 1}
Nyafia,https://palworld.gg/pal/nyafia,"{'HP': '110', 'Defense': '100', 'Crafting Speed': '100', 'Melee Attack': '100', 'Shot Attack': '100', 'Price': '5180', 'Stamina': '100', 'Support': '100', 'Running Speed': '600', 'Sprinting Speed': '900', 'Slow Walk Speed': '50'}",4,Common,['Dark'],"{'Gathering': 2, 'Deforesting': 2, 'Handiwork': 3, 'Transporting': 2}"
Omascul,https://palworld.gg/pal/omascul,"{'HP': '95', 'Defense': '100', 'Crafting Speed': '100', 'Melee Attack': '100', 'Shot Attack': '105', 'Price': '5820', 'Stamina': '100', 'Support': '100', 'Running Speed': '400', 'Sprinting Speed': '520', 'Slow Walk Speed': '40'}",4,Common,['Dark'],{'Gathering': 1}
Orserk,https://palworld.gg/pal/orserk,"{'HP': '100', 'Defense': '100', 'Crafting Speed': '100', 'Melee Attack': '100', 'Shot Attack': '130', 'Price': '8320', 'Stamina': '100', 'Support': '100', 'Running Speed': '900', 'Sprinting Speed': '1200', 'Slow Walk Speed': '100'}",9,Epic,"['Dragon', 'Electricity']","{'Generating Electricity': 4, 'Handiwork': 2, 'Transporting': 3}"
Paladius,https://palworld.gg/pal/paladius,"{'HP': '130', 'Defense': '145', 'Crafting Speed': '100', 'Melee Attack': '110', 'Shot Attack': '120', 'Price': '8810', 'Stamina': '400', 'Support': '100', 'Running Speed': '800', 'Sprinting Speed': '1800', 'Slow Walk Speed': '50'}",20,Legendary,['Normal'],"{'Deforesting': 2, 'Mining': 2}"
Palumba,https://palworld.gg/pal/palumba,"{'HP': '105', 'Defense': '115', 'Crafting Speed': '100', 'Melee Attack': '100', 'Shot Attack': '110', 'Price': '5850', 'Stamina': '180', 'Support': '100', 'Running Speed': '550', 'Sprinting Speed': '1000', 'Slow Walk Speed': '150'}",4,Common,['Leaf'],"{'Gathering': 2, 'Mining': 3, 'Planting': 2}"
Pengullet,https://palworld.gg/pal/pengullet,"{'HP': '70', 'Defense': '70', 'Crafting Speed': '100', 'Melee Attack': '70', 'Shot Attack': '75', 'Price': '1080', 'Stamina': '100', 'Support': '100', 'Running Speed': '500', 'Sprinting Speed': '650', 'Slow Walk Speed': '30'}",1,Common,"['Water', 'Ice']","{'Cooling': 1, 'Handiwork': 1, 'Transporting': 1, 'Watering': 1}"
Pengullet Lux,https://palworld.gg/pal/pengullet-lux,"{'HP': '70', 'Defense': '70', 'Crafting Speed': '100', 'Melee Attack': '100', 'Shot Attack': '80', 'Price': '1290', 'Stamina': '100', 'Support': '100', 'Running Speed': '500', 'Sprinting Speed': '650', 'Slow Walk Speed': '30'}",2,Common,"['Water', 'Electricity']","{'Generating Electricity': 2, 'Handiwork': 1, 'Transporting': 1, 'Watering': 1}"
Penking,https://palworld.gg/pal/penking,"{'HP': '95', 'Defense': '95', 'Crafting Speed': '100', 'Melee Attack': '70', 'Shot Attack': '95', 'Price': '5410', 'Stamina': '100', 'Support': '100', 'Running Speed': '450', 'Sprinting Speed': '600', 'Slow Walk Speed': '50'}",6,Rare,"['Water', 'Ice']","{'Cooling': 2, 'Handiwork': 2, 'Mining': 2, 'Transporting': 2, 'Watering': 2}"
Penking Lux,https://palworld.gg/pal/penking-lux,"{'HP': '100', 'Defense': '100', 'Crafting Speed': '100', 'Melee Attack': '100', 'Shot Attack': '100', 'Price': '6490', 'Stamina': '100', 'Support': '100', 'Running Speed': '450', 'Sprinting Speed': '600', 'Slow Walk Speed': '50'}",7,Rare,"['Water', 'Electricity']","{'Generating Electricity': 2, 'Handiwork': 2, 'Mining': 2, 'Transporting': 2, 'Watering': 2}"
Petallia,https://palworld.gg/pal/petallia,"{'HP': '100', 'Defense': '100', 'Crafting Speed': '100', 'Melee Attack': '100', 'Shot Attack': '95', 'Price': '3590', 'Stamina': '100', 'Support': '100', 'Running Speed': '550', 'Sprinting Speed': '700', 'Slow Walk Speed': '100'}",8,Epic,['Leaf'],"{'Gathering': 2, 'Handiwork': 2, 'Medicine Production': 2, 'Planting': 3, 'Transporting': 1}"
Polapup,https://palworld.gg/pal/polapup,"{'HP': '95', 'Defense': '105', 'Crafting Speed': '100', 'Melee Attack': '100', 'Shot Attack': '105', 'Price': '2130', 'Stamina': '120', 'Support': '100', 'Running Speed': '250', 'Sprinting Speed': '375', 'Slow Walk Speed': '20'}",5,Rare,"['Ice', 'Water']","{'Cooling': 3, 'Watering': 2}"
Prixter,https://palworld.gg/pal/prixter,"{'HP': '90', 'Defense': '90', 'Crafting Speed': '100', 'Melee Attack': '100', 'Shot Attack': '110', 'Price': '3939', 'Stamina': '100', 'Support': '100', 'Running Speed': '720', 'Sprinting Speed': '-1', 'Slow Walk Speed': '90'}",5,Rare,"['Dark', 'Earth']","{'Gathering': 1, 'Deforesting': 3, 'Medicine Production': 1}"
Prunelia,https://palworld.gg/pal/prunelia,"{'HP': '105', 'Defense': '100', 'Crafting Speed': '100', 'Melee Attack': '100', 'Shot Attack': '95', 'Price': '6020', 'Stamina': '100', 'Support': '100', 'Running Speed': '550', 'Sprinting Speed': '700', 'Slow Walk Speed': '100'}",5,Rare,"['Leaf', 'Dark']","{'Gathering': 2, 'Handiwork': 1, 'Medicine Production': 3, 'Planting': 3, 'Transporting': 1}"
Purple Slime,https://palworld.gg/pal/purple-slime,"{'HP': '75', 'Defense': '80', 'Crafting Speed': '100', 'Melee Attack': '100', 'Shot Attack': '70', 'Price': '3000', 'Stamina': '100', 'Support': '100', 'Running Speed': '300', 'Sprinting Speed': '450', 'Slow Walk Speed': '25'}",3,Common,['Dark'],{'Transporting': 1}
Pyrin,https://palworld.gg/pal/pyrin,"{'HP': '100', 'Defense': '90', 'Crafting Speed': '100', 'Melee Attack': '110', 'Shot Attack': '95', 'Price': '6720', 'Stamina': '100', 'Support': '100', 'Running Speed': '850', 'Sprinting Speed': '1300', 'Slow Walk Speed': '100'}",6,Rare,['Fire'],"{'Deforesting': 1, 'Kindling': 2}"
Pyrin Noct,https://palworld.gg/pal/pyrin-noct,"{'HP': '100', 'Defense': '90', 'Crafting Speed': '100', 'Melee Attack': '110', 'Shot Attack': '95', 'Price': '7270', 'Stamina': '100', 'Support': '100', 'Running Speed': '850', 'Sprinting Speed': '1300', 'Slow Walk Speed': '100'}",7,Rare,"['Fire', 'Dark']","{'Deforesting': 1, 'Kindling': 2}"
Quivern,https://palworld.gg/pal/quivern,"{'HP': '105', 'Defense': '100', 'Crafting Speed': '100', 'Melee Attack': '100', 'Shot Attack': '100', 'Price': '6830', 'Stamina': '220', 'Support': '100', 'Running Speed': '800', 'Sprinting Speed': '950', 'Slow Walk Speed': '120'}",7,Rare,['Dragon'],"{'Gathering': 2, 'Handiwork': 1, 'Mining': 2, 'Transporting': 3}"
Quivern Botan,https://palworld.gg/pal/quivern-botan,"{'HP': '105', 'Defense': '100', 'Crafting Speed': '100', 'Melee Attack': '100', 'Shot Attack': '105', 'Price': '7830', 'Stamina': '220', 'Support': '100', 'Running Speed': '800', 'Sprinting Speed': '950', 'Slow Walk Speed': '120'}",8,Epic,"['Dragon', 'Leaf']","{'Gathering': 2, 'Handiwork': 1, 'Mining': 2, 'Planting': 2, 'Transporting': 3}"
Ragnahawk,https://palworld.gg/pal/ragnahawk,"{'HP': '95', 'Defense': '120', 'Crafting Speed': '100', 'Melee Attack': '100', 'Shot Attack': '105', 'Price': '6720', 'Stamina': '150', 'Support': '100', 'Running Speed': '800', 'Sprinting Speed': '1300', 'Slow Walk Speed': '100'}",7,Rare,['Fire'],"{'Kindling': 3, 'Transporting': 3}"
Rainbow Slime,https://palworld.gg/pal/rainbow-slime,"{'HP': '105', 'Defense': '105', 'Crafting Speed': '100', 'Melee Attack': '100', 'Shot Attack': '95', 'Price': '3000', 'Stamina': '100', 'Support': '100', 'Running Speed': '300', 'Sprinting Speed': '450', 'Slow Walk Speed': '25'}",4,Common,['Normal'],{'Transporting': 1}
Rayhound,https://palworld.gg/pal/rayhound,"{'HP': '90', 'Defense': '80', 'Crafting Speed': '100', 'Melee Attack': '100', 'Shot Attack': '100', 'Price': '3880', 'Stamina': '100', 'Support': '100', 'Running Speed': '700', 'Sprinting Speed': '1150', 'Slow Walk Speed': '110'}",5,Rare,['Electricity'],{'Generating Electricity': 2}
Red Slime,https://palworld.gg/pal/red-slime,"{'HP': '70', 'Defense': '85', 'Crafting Speed': '100', 'Melee Attack': '100', 'Shot Attack': '75', 'Price': '3000', 'Stamina': '100', 'Support': '100', 'Running Speed': '300', 'Sprinting Speed': '450', 'Slow Walk Speed': '25'}",3,Common,['Fire'],{'Transporting': 1}
Reindrix,https://palworld.gg/pal/reindrix,"{'HP': '100', 'Defense': '110', 'Crafting Speed': '100', 'Melee Attack': '80', 'Shot Attack': '85', 'Price': '2800', 'Stamina': '140', 'Support': '100', 'Running Speed': '700', 'Sprinting Speed': '1070', 'Slow Walk Speed': '35'}",4,Common,['Ice'],"{'Cooling': 2, 'Deforesting': 2}"
Relaxaurus,https://palworld.gg/pal/relaxaurus,"{'HP': '110', 'Defense': '70', 'Crafting Speed': '100', 'Melee Attack': '110', 'Shot Attack': '100', 'Price': '10240', 'Stamina': '200', 'Support': '100', 'Running Speed': '650', 'Sprinting Speed': '1000', 'Slow Walk Speed': '40'}",8,Epic,"['Dragon', 'Water']","{'Transporting': 1, 'Watering': 2}"
Relaxaurus Lux,https://palworld.gg/pal/relaxaurus-lux,"{'HP': '110', 'Defense': '75', 'Crafting Speed': '100', 'Melee Attack': '110', 'Shot Attack': '110', 'Price': '10380', 'Stamina': '200', 'Support': '100', 'Running Speed': '650', 'Sprinting Speed': '1000', 'Slow Walk Speed': '40'}",9,Epic,"['Dragon', 'Electricity']","{'Generating Electricity': 3, 'Transporting': 1}"
Reptyro,https://palworld.gg/pal/reptyro,"{'HP': '110', 'Defense': '120', 'Crafting Speed': '100', 'Melee Attack': '100', 'Shot Attack': '105', 'Price': '6940', 'Stamina': '220', 'Support': '100', 'Running Speed': '550', 'Sprinting Speed': '1000', 'Slow Walk Speed': '50'}",6,Rare,"['Fire', 'Earth']","{'Kindling': 3, 'Mining': 3}"
Reptyro Cryst,https://palworld.gg/pal/reptyro-cryst,"{'HP': '110', 'Defense': '130', 'Crafting Speed': '100', 'Melee Attack': '100', 'Shot Attack': '105', 'Price': '7380', 'Stamina': '220', 'Support': '100', 'Running Speed': '550', 'Sprinting Speed': '1000', 'Slow Walk Speed': '50'}",7,Rare,"['Ice', 'Earth']","{'Cooling': 3, 'Mining': 3}"
Ribbuny,https://palworld.gg/pal/ribbuny,"{'HP': '75', 'Defense': '70', 'Crafting Speed': '100', 'Melee Attack': '100', 'Shot Attack': '65', 'Price': '1160', 'Stamina': '100', 'Support': '100', 'Running Speed': '245', 'Sprinting Speed': '350', 'Slow Walk Speed': '50'}",1,Common,['Normal'],"{'Gathering': 1, 'Handiwork': 1, 'Transporting': 1}"
Ribbuny Botan,https://palworld.gg/pal/ribbuny-botan,"{'HP': '80', 'Defense': '70', 'Crafting Speed': '100', 'Melee Attack': '100', 'Shot Attack': '65', 'Price': '1620', 'Stamina': '100', 'Support': '100', 'Running Speed': '245', 'Sprinting Speed': '350', 'Slow Walk Speed': '50'}",1,Common,['Leaf'],"{'Gathering': 1, 'Handiwork': 1, 'Planting': 1, 'Transporting': 1}"
Robinquill,https://palworld.gg/pal/robinquill,"{'HP': '90', 'Defense': '80', 'Crafting Speed': '100', 'Melee Attack': '100', 'Shot Attack': '105', 'Price': '2050', 'Stamina': '100', 'Support': '100', 'Running Speed': '600', 'Sprinting Speed': '750', 'Slow Walk Speed': '100'}",5,Rare,['Leaf'],"{'Gathering': 2, 'Deforesting': 1, 'Handiwork': 2, 'Medicine Production': 1, 'Planting': 1, 'Transporting': 2}"
Robinquill Terra,https://palworld.gg/pal/robinquill-terra,"{'HP': '90', 'Defense': '80', 'Crafting Speed': '100', 'Melee Attack': '100', 'Shot Attack': '105', 'Price': '2150', 'Stamina': '100', 'Support': '100', 'Running Speed': '600', 'Sprinting Speed': '750', 'Slow Walk Speed': '100'}",6,Rare,"['Leaf', 'Earth']","{'Gathering': 2, 'Deforesting': 1, 'Handiwork': 2, 'Medicine Production': 1, 'Transporting': 2}"
Rooby,https://palworld.gg/pal/rooby,"{'HP': '75', 'Defense': '75', 'Crafting Speed': '100', 'Melee Attack': '100', 'Shot Attack': '70', 'Price': '2950', 'Stamina': '100', 'Support': '100', 'Running Speed': '400', 'Sprinting Speed': '550', 'Slow Walk Speed': '70'}",2,Common,['Fire'],{'Kindling': 1}
Rushoar,https://palworld.gg/pal/rushoar,"{'HP': '80', 'Defense': '70', 'Crafting Speed': '100', 'Melee Attack': '100', 'Shot Attack': '70', 'Price': '1680', 'Stamina': '100', 'Support': '100', 'Running Speed': '500', 'Sprinting Speed': '800', 'Slow Walk Speed': '70'}",1,Common,['Earth'],{'Mining': 1}
Selyne,https://palworld.gg/pal/selyne,"{'HP': '130', 'Defense': '110', 'Crafting Speed': '100', 'Melee Attack': '100', 'Shot Attack': '115', 'Price': '9500', 'Stamina': '300', 'Support': '100', 'Running Speed': '1000', 'Sprinting Speed': '1600', 'Slow Walk Speed': '60'}",9,Epic,"['Dark', 'Normal']","{'Handiwork': 4, 'Medicine Production': 3, 'Transporting': 3}"
Shadowbeak,https://palworld.gg/pal/shadowbeak,"{'HP': '120', 'Defense': '140', 'Crafting Speed': '100', 'Melee Attack': '130', 'Shot Attack': '120', 'Price': '9060', 'Stamina': '250', 'Support': '90', 'Running Speed': '850', 'Sprinting Speed': '1200', 'Slow Walk Speed': '80'}",10,Epic,['Dark'],{'Gathering': 1}
Shroomer,https://palworld.gg/pal/shroomer,"{'HP': '110', 'Defense': '90', 'Crafting Speed': '100', 'Melee Attack': '100', 'Shot Attack': '80', 'Price': '3660', 'Stamina': '220', 'Support': '100', 'Running Speed': '740', 'Sprinting Speed': '1050', 'Slow Walk Speed': '50'}",4,Common,['Leaf'],"{'Gathering': 2, 'Deforesting': 2, 'Handiwork': 1, 'Planting': 2}"
Shroomer Noct,https://palworld.gg/pal/shroomer-noct,"{'HP': '110', 'Defense': '90', 'Crafting Speed': '100', 'Melee Attack': '100', 'Shot Attack': '85', 'Price': '4240', 'Stamina': '220', 'Support': '100', 'Running Speed': '740', 'Sprinting Speed': '1050', 'Slow Walk Speed': '50'}",5,Rare,"['Leaf', 'Dark']","{'Gathering': 2, 'Deforesting': 2, 'Handiwork': 1, 'Planting': 2}"
Sibelyx,https://palworld.gg/pal/sibelyx,"{'HP': '110', 'Defense': '100', 'Crafting Speed': '100', 'Melee Attack': '90', 'Shot Attack': '90', 'Price': '5900', 'Stamina': '100', 'Support': '90', 'Running Speed': '400', 'Sprinting Speed': '550', 'Slow Walk Speed': '50'}",7,Rare,['Ice'],"{'Cooling': 2, 'Farming': 1, 'Medicine Production': 2}"
Silvegis,https://palworld.gg/pal/silvegis,"{'HP': '120', 'Defense': '115', 'Crafting Speed': '100', 'Melee Attack': '100', 'Shot Attack': '110', 'Price': '7420', 'Stamina': '280', 'Support': '100', 'Running Speed': '700', 'Sprinting Speed': '1050', 'Slow Walk Speed': '90'}",8,Epic,['Dragon'],{'Deforesting': 3}
Smokie,https://palworld.gg/pal/smokie,"{'HP': '85', 'Defense': '85', 'Crafting Speed': '100', 'Melee Attack': '100', 'Shot Attack': '90', 'Price': '7820', 'Stamina': '100', 'Support': '100', 'Running Speed': '550', 'Sprinting Speed': '700', 'Slow Walk Speed': '40'}",2,Common,['Dark'],{'Gathering': 2}
Sootseer,https://palworld.gg/pal/sootseer,"{'HP': '105', 'Defense': '90', 'Crafting Speed': '100', 'Melee Attack': '100', 'Shot Attack': '125', 'Price': '4890', 'Stamina': '100', 'Support': '100', 'Running Speed': '800', 'Sprinting Speed': '1000', 'Slow Walk Speed': '100'}",7,Rare,"['Dark', 'Fire']","{'Gathering': 1, 'Kindling': 3, 'Handiwork': 2, 'Mining': 2, 'Farming': 1}"
Sparkit,https://palworld.gg/pal/sparkit,"{'HP': '60', 'Defense': '70', 'Crafting Speed': '100', 'Melee Attack': '60', 'Shot Attack': '75', 'Price': '1030', 'Stamina': '100', 'Support': '80', 'Running Speed': '350', 'Sprinting Speed': '500', 'Slow Walk Speed': '40'}",1,Common,['Electricity'],"{'Generating Electricity': 1, 'Handiwork': 1, 'Transporting': 1}"
Splatterina,https://palworld.gg/pal/splatterina,"{'HP': '95', 'Defense': '105', 'Crafting Speed': '100', 'Melee Attack': '100', 'Shot Attack': '115', 'Price': '4420', 'Stamina': '100', 'Support': '100', 'Running Speed': '550', 'Sprinting Speed': '660', 'Slow Walk Speed': '60'}",4,Common,['Dark'],"{'Deforesting': 1, 'Handiwork': 4, 'Medicine Production': 3, 'Transporting': 2}"
Starryon,https://palworld.gg/pal/starryon,"{'HP': '110', 'Defense': '100', 'Crafting Speed': '100', 'Melee Attack': '100', 'Shot Attack': '100', 'Price': '6220', 'Stamina': '230', 'Support': '100', 'Running Speed': '900', 'Sprinting Speed': '1200', 'Slow Walk Speed': '150'}",7,Rare,['Dark'],{'Gathering': 2}
Surfent,https://palworld.gg/pal/surfent,"{'HP': '90', 'Defense': '80', 'Crafting Speed': '100', 'Melee Attack': '70', 'Shot Attack': '90', 'Price': '5050', 'Stamina': '100', 'Support': '100', 'Running Speed': '500', 'Sprinting Speed': '800', 'Slow Walk Speed': '100'}",4,Common,['Water'],{'Watering': 2}
Surfent Terra,https://palworld.gg/pal/surfent-terra,"{'HP': '90', 'Defense': '100', 'Crafting Speed': '100', 'Melee Attack': '70', 'Shot Attack': '90', 'Price': '5140', 'Stamina': '100', 'Support': '100', 'Running Speed': '500', 'Sprinting Speed': '800', 'Slow Walk Speed': '100'}",5,Rare,['Earth'],{'Gathering': 1}
Suzaku,https://palworld.gg/pal/suzaku,"{'HP': '120', 'Defense': '105', 'Crafting Speed': '100', 'Melee Attack': '100', 'Shot Attack': '105', 'Price': '9840', 'Stamina': '350', 'Support': '100', 'Running Speed': '850', 'Sprinting Speed': '1100', 'Slow Walk Speed': '100'}",8,Epic,['Fire'],{'Kindling': 3}
Suzaku Aqua,https://palworld.gg/pal/suzaku-aqua,"{'HP': '125', 'Defense': '105', 'Crafting Speed': '100', 'Melee Attack': '100', 'Shot Attack': '105', 'Price': '10110', 'Stamina': '350', 'Support': '100', 'Running Speed': '850', 'Sprinting Speed': '1100', 'Slow Walk Speed': '100'}",9,Epic,['Water'],{'Watering': 3}
Swee,https://palworld.gg/pal/swee,"{'HP': '60', 'Defense': '60', 'Crafting Speed': '100', 'Melee Attack': '100', 'Shot Attack': '60', 'Price': '1180', 'Stamina': '100', 'Support': '100', 'Running Speed': '250', 'Sprinting Speed': '400', 'Slow Walk Speed': '55'}",1,Common,['Ice'],"{'Gathering': 1, 'Cooling': 1}"
Sweepa,https://palworld.gg/pal/sweepa,"{'HP': '100', 'Defense': '90', 'Crafting Speed': '100', 'Melee Attack': '100', 'Shot Attack': '90', 'Price': '6400', 'Stamina': '120', 'Support': '100', 'Running Speed': '650', 'Sprinting Speed': '1020', 'Slow Walk Speed': '60'}",6,Rare,['Ice'],"{'Gathering': 2, 'Cooling': 2}"
Tanzee,https://palworld.gg/pal/tanzee,"{'HP': '80', 'Defense': '70', 'Crafting Speed': '100', 'Melee Attack': '100', 'Shot Attack': '70', 'Price': '1280', 'Stamina': '100', 'Support': '100', 'Running Speed': '300', 'Sprinting Speed': '400', 'Slow Walk Speed': '48'}",1,Common,['Leaf'],"{'Gathering': 1, 'Deforesting': 1, 'Handiwork': 1, 'Planting': 1, 'Transporting': 1}"
Tarantriss,https://palworld.gg/pal/tarantriss,"{'HP': '110', 'Defense': '100', 'Crafting Speed': '100', 'Melee Attack': '100', 'Shot Attack': '100', 'Price': '4290', 'Stamina': '100', 'Support': '100', 'Running Speed': '640', 'Sprinting Speed': '1000', 'Slow Walk Speed': '80'}",3,Common,['Dark'],"{'Gathering': 2, 'Handiwork': 2, 'Medicine Production': 2, 'Transporting': 2}"
Teafant,https://palworld.gg/pal/teafant,"{'HP': '70', 'Defense': '70', 'Crafting Speed': '100', 'Melee Attack': '70', 'Shot Attack': '60', 'Price': '1000', 'Stamina': '100', 'Support': '100', 'Running Speed': '300', 'Sprinting Speed': '400', 'Slow Walk Speed': '30'}",1,Common,['Water'],{'Watering': 1}
Tocotoco,https://palworld.gg/pal/tocotoco,"{'HP': '60', 'Defense': '70', 'Crafting Speed': '100', 'Melee Attack': '80', 'Shot Attack': '75', 'Price': '1090', 'Stamina': '100', 'Support': '70', 'Running Speed': '300', 'Sprinting Speed': '550', 'Slow Walk Speed': '30'}",1,Common,['Normal'],{'Gathering': 1}
Tombat,https://palworld.gg/pal/tombat,"{'HP': '95', 'Defense': '80', 'Crafting Speed': '100', 'Melee Attack': '100', 'Shot Attack': '95', 'Price': '3810', 'Stamina': '100', 'Support': '100', 'Running Speed': '400', 'Sprinting Speed': '550', 'Slow Walk Speed': '80'}",5,Rare,['Dark'],"{'Gathering': 2, 'Mining': 2, 'Transporting': 2}"
Turtacle,https://palworld.gg/pal/turtacle,"{'HP': '75', 'Defense': '115', 'Crafting Speed': '100', 'Melee Attack': '100', 'Shot Attack': '75', 'Price': '1320', 'Stamina': '100', 'Support': '100', 'Running Speed': '320', 'Sprinting Speed': '500', 'Slow Walk Speed': '100'}",3,Common,['Water'],"{'Mining': 1, 'Transporting': 1, 'Watering': 2}"
Turtacle Terra,https://palworld.gg/pal/turtacle-terra,"{'HP': '85', 'Defense': '125', 'Crafting Speed': '100', 'Melee Attack': '100', 'Shot Attack': '85', 'Price': '19550', 'Stamina': '100', 'Support': '100', 'Running Speed': '320', 'Sprinting Speed': '500', 'Slow Walk Speed': '100'}",4,Common,"['Water', 'Earth']","{'Mining': 1, 'Transporting': 1, 'Watering': 2}"
Univolt,https://palworld.gg/pal/univolt,"{'HP': '80', 'Defense': '105', 'Crafting Speed': '100', 'Melee Attack': '110', 'Shot Attack': '105', 'Price': '4280', 'Stamina': '100', 'Support': '100', 'Running Speed': '720', 'Sprinting Speed': '1100', 'Slow Walk Speed': '80'}",5,Rare,['Electricity'],"{'Deforesting': 1, 'Generating Electricity': 2}"
Vaelet,https://palworld.gg/pal/vaelet,"{'HP': '100', 'Defense': '120', 'Crafting Speed': '100', 'Melee Attack': '100', 'Shot Attack': '100', 'Price': '1960', 'Stamina': '100', 'Support': '100', 'Running Speed': '400', 'Sprinting Speed': '550', 'Slow Walk Speed': '100'}",8,Epic,['Leaf'],"{'Gathering': 2, 'Handiwork': 2, 'Medicine Production': 3, 'Planting': 2, 'Transporting': 1}"
Vanwyrm,https://palworld.gg/pal/vanwyrm,"{'HP': '90', 'Defense': '90', 'Crafting Speed': '100', 'Melee Attack': '100', 'Shot Attack': '115', 'Price': '4360', 'Stamina': '150', 'Support': '100', 'Running Speed': '700', 'Sprinting Speed': '850', 'Slow Walk Speed': '100'}",4,Common,"['Fire', 'Dark']","{'Kindling': 1, 'Transporting': 3}"
Vanwyrm Cryst,https://palworld.gg/pal/vanwyrm-cryst,"{'HP': '90', 'Defense': '95', 'Crafting Speed': '100', 'Melee Attack': '100', 'Shot Attack': '120', 'Price': '4610', 'Stamina': '150', 'Support': '100', 'Running Speed': '700', 'Sprinting Speed': '850', 'Slow Walk Speed': '100'}",5,Rare,"['Ice', 'Dark']","{'Cooling': 2, 'Transporting': 3}"
Verdash,https://palworld.gg/pal/verdash,"{'HP': '90', 'Defense': '90', 'Crafting Speed': '100', 'Melee Attack': '100', 'Shot Attack': '115', 'Price': '2200', 'Stamina': '100', 'Support': '100', 'Running Speed': '500', 'Sprinting Speed': '700', 'Slow Walk Speed': '50'}",8,Epic,['Leaf'],"{'Gathering': 3, 'Deforesting': 2, 'Handiwork': 3, 'Planting': 2, 'Transporting': 2}"
Vixy,https://palworld.gg/pal/vixy,"{'HP': '70', 'Defense': '70', 'Crafting Speed': '100', 'Melee Attack': '70', 'Shot Attack': '70', 'Price': '1000', 'Stamina': '100', 'Support': '140', 'Running Speed': '350', 'Sprinting Speed': '450', 'Slow Walk Speed': '30'}",2,Common,['Normal'],"{'Gathering': 1, 'Farming': 1}"
Warsect,https://palworld.gg/pal/warsect,"{'HP': '120', 'Defense': '120', 'Crafting Speed': '100', 'Melee Attack': '100', 'Shot Attack': '100', 'Price': '6830', 'Stamina': '100', 'Support': '100', 'Running Speed': '500', 'Sprinting Speed': '600', 'Slow Walk Speed': '55'}",8,Epic,"['Earth', 'Leaf']","{'Deforesting': 3, 'Handiwork': 1, 'Planting': 1, 'Transporting': 3}"
Warsect Terra,https://palworld.gg/pal/warsect-terra,"{'HP': '120', 'Defense': '120', 'Crafting Speed': '100', 'Melee Attack': '100', 'Shot Attack': '105', 'Price': '8140', 'Stamina': '100', 'Support': '100', 'Running Speed': '500', 'Sprinting Speed': '600', 'Slow Walk Speed': '55'}",9,Epic,['Earth'],"{'Handiwork': 1, 'Mining': 3, 'Transporting': 3}"
Whalaska,https://palworld.gg/pal/whalaska,"{'HP': '105', 'Defense': '110', 'Crafting Speed': '100', 'Melee Attack': '100', 'Shot Attack': '115', 'Price': '8510', 'Stamina': '200', 'Support': '100', 'Running Speed': '550', 'Sprinting Speed': '660', 'Slow Walk Speed': '125'}",7,Rare,"['Ice', 'Water']","{'Cooling': 4, 'Watering': 3}"
Whalaska Ignis,https://palworld.gg/pal/whalaska-ignis,"{'HP': '105', 'Defense': '110', 'Crafting Speed': '100', 'Melee Attack': '100', 'Shot Attack': '120', 'Price': '8630', 'Stamina': '200', 'Support': '100', 'Running Speed': '550', 'Sprinting Speed': '660', 'Slow Walk Speed': '125'}",8,Epic,"['Ice', 'Fire']","{'Cooling': 4, 'Kindling': 3}"
Wixen,https://palworld.gg/pal/wixen,"{'HP': '90', 'Defense': '80', 'Crafting Speed': '100', 'Melee Attack': '50', 'Shot Attack': '110', 'Price': '3080', 'Stamina': '100', 'Support': '120', 'Running Speed': '440', 'Sprinting Speed': '620', 'Slow Walk Speed': '70'}",6,Rare,['Fire'],"{'Kindling': 2, 'Handiwork': 3, 'Transporting': 2}"
Wixen Noct,https://palworld.gg/pal/wixen-noct,"{'HP': '90', 'Defense': '85', 'Crafting Speed': '100', 'Melee Attack': '50', 'Shot Attack': '110', 'Price': '4080', 'Stamina': '100', 'Support': '120', 'Running Speed': '440', 'Sprinting Speed': '620', 'Slow Walk Speed': '70'}",6,Rare,"['Fire', 'Dark']","{'Kindling': 2, 'Handiwork': 3, 'Transporting': 2}"
Woolipop,https://palworld.gg/pal/woolipop,"{'HP': '70', 'Defense': '90', 'Crafting Speed': '100', 'Melee Attack': '70', 'Shot Attack': '70', 'Price': '1450', 'Stamina': '100', 'Support': '100', 'Running Speed': '300', 'Sprinting Speed': '400', 'Slow Walk Speed': '50'}",3,Common,['Normal'],{'Farming': 1}
Wumpo,https://palworld.gg/pal/wumpo,"{'HP': '140', 'Defense': '100', 'Crafting Speed': '100', 'Melee Attack': '100', 'Shot Attack': '80', 'Price': '5900', 'Stamina': '240', 'Support': '100', 'Running Speed': '600', 'Sprinting Speed': '1050', 'Slow Walk Speed': '70'}",7,Rare,['Ice'],"{'Cooling': 2, 'Deforesting': 3, 'Handiwork': 2, 'Transporting': 4}"
Wumpo Botan,https://palworld.gg/pal/wumpo-botan,"{'HP': '140', 'Defense': '110', 'Crafting Speed': '100', 'Melee Attack': '100', 'Shot Attack': '80', 'Price': '5700', 'Stamina': '240', 'Support': '100', 'Running Speed': '600', 'Sprinting Speed': '1050', 'Slow Walk Speed': '70'}",8,Epic,['Leaf'],"{'Deforesting': 3, 'Handiwork': 2, 'Planting': 1, 'Transporting': 4}"
Xenogard,https://palworld.gg/pal/xenogard,"{'HP': '110', 'Defense': '130', 'Crafting Speed': '100', 'Melee Attack': '100', 'Shot Attack': '120', 'Price': '8810', 'Stamina': '250', 'Support': '100', 'Running Speed': '790', 'Sprinting Speed': '1200', 'Slow Walk Speed': '115'}",9,Epic,['Dragon'],{'Mining': 3}
Xenolord,https://palworld.gg/pal/xenolord,"{'HP': '130', 'Defense': '120', 'Crafting Speed': '100', 'Melee Attack': '100', 'Shot Attack': '120', 'Price': '6120', 'Stamina': '300', 'Support': '100', 'Running Speed': '550', 'Sprinting Speed': '660', 'Slow Walk Speed': '100'}",8,Epic,"['Dark', 'Dragon']",{'Gathering': 1}
Xenovader,https://palworld.gg/pal/xenovader,"{'HP': '90', 'Defense': '85', 'Crafting Speed': '100', 'Melee Attack': '100', 'Shot Attack': '125', 'Price': '6750', 'Stamina': '100', 'Support': '100', 'Running Speed': '550', 'Sprinting Speed': '700', 'Slow Walk Speed': '125'}",7,Rare,['Dark'],"{'Deforesting': 2, 'Transporting': 2}"
Yakumo,https://palworld.gg/pal/yakumo,"{'HP': '85', 'Defense': '85', 'Crafting Speed': '100', 'Melee Attack': '80', 'Shot Attack': '85', 'Price': '3360', 'Stamina': '140', 'Support': '110', 'Running Speed': '750', 'Sprinting Speed': '1080', 'Slow Walk Speed': '70'}",4,Common,['Normal'],{'Gathering': 2}
